[METRICS],IID,1,0.484583,0.7907,0.7907,0,56.3
[METRICS],IID,2,0.473847,0.7980,0.7980,0,89.0
[METRICS],IID,3,0.471746,0.7988,0.7988,0,121.7
[METRICS],IID,4,0.470373,0.7991,0.7988,1,154.4
[METRICS],IID,5,0.469126,0.8009,0.8009,0,187.2
[METRICS],IID,6,0.467981,0.8011,0.8009,1,220.2
[METRICS],IID,7,0.466862,0.8004,0.8009,2,253.3
[METRICS],IID,8,0.468549,0.7941,0.8009,3,286.2
[METRICS],IID,9,0.463861,0.8026,0.8026,0,318.7
[METRICS],IID,10,0.462477,0.8036,0.8036,0,351.5
[METRICS],IID,11,0.461892,0.8047,0.8047,0,384.1
[METRICS],IID,12,0.463692,0.8036,0.8047,1,416.8
[METRICS],IID,13,0.460965,0.8051,0.8047,2,449.4
[METRICS],IID,14,0.459470,0.8061,0.8061,0,482.1
[METRICS],IID,15,0.455939,0.8070,0.8070,0,515.1
[METRICS],IID,16,0.457592,0.8071,0.8070,1,547.9
[METRICS],IID,17,0.455944,0.8073,0.8070,2,580.7
[METRICS],IID,18,0.455526,0.8062,0.8070,3,613.4
[METRICS],IID,19,0.453191,0.8058,0.8070,4,646.3
[METRICS],IID,20,0.453469,0.8043,0.8070,5,679.0
[METRICS],IID,21,0.455197,0.8073,0.8070,6,711.4
[METRICS],IID,22,0.450821,0.8073,0.8070,7,744.0
[METRICS],IID,23,0.442451,0.8084,0.8084,0,776.8
[METRICS],IID,24,0.436147,0.8075,0.8084,1,809.8
[METRICS],IID,25,0.432549,0.8087,0.8084,2,842.6
[METRICS],IID,26,0.432153,0.8085,0.8084,3,875.1
[METRICS],IID,27,0.432916,0.8091,0.8091,0,907.7
[METRICS],IID,28,0.432789,0.8091,0.8091,1,940.3
[METRICS],IID,29,0.429974,0.8087,0.8091,2,973.0
[METRICS],IID,30,0.428203,0.8085,0.8091,3,1005.9
[METRICS],IID,31,0.428159,0.8093,0.8091,4,1038.4
[METRICS],IID,32,0.425287,0.8099,0.8099,0,1071.1
[METRICS],IID,33,0.423763,0.8100,0.8099,1,1103.9
[METRICS],IID,34,0.422979,0.8106,0.8106,0,1136.9
[METRICS],IID,35,0.422435,0.8108,0.8106,1,1169.6
[METRICS],IID,36,0.420820,0.8110,0.8106,2,1202.5
[METRICS],IID,37,0.420719,0.8114,0.8114,0,1235.3
[METRICS],IID,38,0.423882,0.8116,0.8114,1,1268.2
[METRICS],IID,39,0.421436,0.8114,0.8114,2,1300.7
[METRICS],IID,40,0.418624,0.8119,0.8119,0,1333.6
[METRICS],IID,41,0.418138,0.8117,0.8119,1,1366.6
[METRICS],IID,42,0.419423,0.8127,0.8127,0,1399.3
[METRICS],IID,43,0.419588,0.8121,0.8127,1,1432.3
[METRICS],IID,44,0.420786,0.8130,0.8127,2,1465.2
[METRICS],IID,45,0.421039,0.8117,0.8127,3,1497.9
[METRICS],IID,46,0.420590,0.8115,0.8127,4,1530.7
[METRICS],IID,47,0.417476,0.8124,0.8127,5,1563.6
[METRICS],IID,48,0.415879,0.8134,0.8134,0,1596.3
[METRICS],IID,49,0.418820,0.8135,0.8134,1,1628.7
[METRICS],IID,50,0.416947,0.8136,0.8134,2,1661.5
[METRICS],IID,51,0.417697,0.8130,0.8134,3,1694.3
[METRICS],IID,52,0.419933,0.8132,0.8134,4,1727.1
[METRICS],IID,53,0.415017,0.8141,0.8141,0,1759.7
[METRICS],IID,54,0.419331,0.8151,0.8151,0,1792.4
[METRICS],IID,55,0.418542,0.8149,0.8151,1,1825.0
[METRICS],IID,56,0.414194,0.8144,0.8151,2,1858.0
[METRICS],IID,57,0.423360,0.8143,0.8151,3,1890.8
[METRICS],IID,58,0.414036,0.8154,0.8151,4,1923.8
[METRICS],IID,59,0.418567,0.8153,0.8151,5,1956.4
[METRICS],IID,60,0.416783,0.8156,0.8156,0,1989.6
[METRICS],IID,61,0.417963,0.8167,0.8167,0,2022.2
[METRICS],IID,62,0.412398,0.8164,0.8167,1,2055.0
[METRICS],IID,63,0.414264,0.8151,0.8167,2,2087.8
[METRICS],IID,64,0.414158,0.8163,0.8167,3,2120.5
[METRICS],IID,65,0.412290,0.8144,0.8167,4,2153.1
[METRICS],IID,66,0.415422,0.8160,0.8167,5,2185.5
[METRICS],IID,67,0.415615,0.8162,0.8167,6,2218.4
[METRICS],IID,68,0.414391,0.8170,0.8167,7,2251.4
[METRICS],IID,69,0.414924,0.8173,0.8173,0,2284.2
[METRICS],IID,70,0.410446,0.8165,0.8173,1,2317.1
[METRICS],IID,71,0.412622,0.8172,0.8173,2,2350.0
[METRICS],IID,72,0.410931,0.8160,0.8173,3,2382.7
[METRICS],IID,73,0.410664,0.8175,0.8173,4,2415.5
[METRICS],IID,74,0.410566,0.8176,0.8173,5,2448.3
[METRICS],IID,75,0.409852,0.8179,0.8179,0,2481.1
[METRICS],IID,76,0.411891,0.8174,0.8179,1,2513.9
[METRICS],IID,77,0.411671,0.8174,0.8179,2,2546.6
[METRICS],IID,78,0.411319,0.8182,0.8179,3,2579.6
[METRICS],IID,79,0.409745,0.8178,0.8179,4,2612.2
[METRICS],IID,80,0.410691,0.8181,0.8179,5,2645.0
[METRICS],IID,81,0.414882,0.8173,0.8179,6,2677.9
[METRICS],IID,82,0.408048,0.8178,0.8179,7,2710.7
[METRICS],IID,83,0.407644,0.8183,0.8179,8,2743.4
[METRICS],IID,84,0.414238,0.8182,0.8179,9,2776.1
[METRICS],IID,85,0.408453,0.8188,0.8188,0,2809.5
[METRICS],IID,86,0.409407,0.8181,0.8188,1,2842.0
[METRICS],IID,87,0.408571,0.8168,0.8188,2,2874.6
[METRICS],IID,88,0.408920,0.8170,0.8188,3,2907.4
[METRICS],IID,89,0.406625,0.8183,0.8188,4,2940.2
[METRICS],IID,90,0.408443,0.8181,0.8188,5,2973.1
[METRICS],IID,91,0.409882,0.8191,0.8188,6,3005.7
[METRICS],IID,92,0.408184,0.8182,0.8188,7,3038.4
[METRICS],IID,93,0.407853,0.8185,0.8188,8,3071.0
[METRICS],IID,94,0.406441,0.8193,0.8188,9,3103.9
[METRICS],IID,95,0.406901,0.8180,0.8188,10,3136.7
[METRICS],IID,96,0.408640,0.8194,0.8194,0,3169.3
[METRICS],IID,97,0.406533,0.8190,0.8194,1,3202.2
[METRICS],IID,98,0.407894,0.8196,0.8194,2,3234.8
[METRICS],IID,99,0.406989,0.8195,0.8194,3,3267.3
[METRICS],IID,100,0.406231,0.8193,0.8194,4,3300.0
[METRICS],IID,101,0.406818,0.8188,0.8194,5,3332.8
[METRICS],IID,102,0.405174,0.8198,0.8194,6,3365.6
[METRICS],IID,103,0.405469,0.8195,0.8194,7,3398.4
[METRICS],IID,104,0.404883,0.8193,0.8194,8,3431.2
[METRICS],IID,105,0.406065,0.8187,0.8194,9,3464.1
[METRICS],IID,106,0.404656,0.8192,0.8194,10,3497.0
[METRICS],IID,107,0.408276,0.8202,0.8202,0,3529.8
[METRICS],IID,108,0.405598,0.8192,0.8202,1,3562.7
[METRICS],IID,109,0.404111,0.8195,0.8202,2,3595.6
[METRICS],IID,110,0.404409,0.8200,0.8202,3,3628.2
[METRICS],IID,111,0.406751,0.8198,0.8202,4,3660.9
[METRICS],IID,112,0.404442,0.8198,0.8202,5,3693.5
[METRICS],IID,113,0.406814,0.8203,0.8202,6,3726.3
[METRICS],IID,114,0.403137,0.8204,0.8202,7,3759.0
[METRICS],IID,115,0.404965,0.8199,0.8202,8,3791.9
[METRICS],IID,116,0.403699,0.8202,0.8202,9,3824.8
[METRICS],IID,117,0.403746,0.8195,0.8202,10,3857.5
[METRICS],IID,118,0.403161,0.8208,0.8208,0,3890.0
[METRICS],IID,119,0.403610,0.8206,0.8208,1,3922.9
[METRICS],IID,120,0.404019,0.8202,0.8208,2,3955.7
[METRICS],IID,121,0.406288,0.8207,0.8208,3,3988.7
[METRICS],IID,122,0.406727,0.8209,0.8208,4,4021.1
[METRICS],IID,123,0.404170,0.8210,0.8208,5,4053.9
[METRICS],IID,124,0.404129,0.8207,0.8208,6,4086.5
[METRICS],IID,125,0.402747,0.8202,0.8208,7,4119.5
[METRICS],IID,126,0.402725,0.8209,0.8208,8,4152.2
[METRICS],IID,127,0.402767,0.8210,0.8208,9,4185.2
[METRICS],IID,128,0.403949,0.8207,0.8208,10,4217.7
[METRICS],IID,129,0.407602,0.8204,0.8208,11,4250.4
[METRICS],IID,130,0.405802,0.8199,0.8208,12,4283.1
[METRICS],IID,131,0.404059,0.8197,0.8208,13,4316.1
[METRICS],IID,132,0.405501,0.8199,0.8208,14,4348.9
[METRICS],IID,133,0.403853,0.8210,0.8208,15,4381.9
[METRICS],IID,134,0.403886,0.8213,0.8208,16,4414.8
[METRICS],IID,135,0.402529,0.8200,0.8208,17,4447.6
[METRICS],IID,136,0.404612,0.8208,0.8208,18,4480.3
[METRICS],IID,137,0.403258,0.8211,0.8208,19,4513.2
[METRICS],IID,138,0.401252,0.8213,0.8208,20,4546.1
[METRICS],IID,139,0.402655,0.8218,0.8218,0,4579.1
[METRICS],IID,140,0.401633,0.8215,0.8218,1,4612.1
[METRICS],IID,141,0.401088,0.8216,0.8218,2,4644.7
[METRICS],IID,142,0.404560,0.8201,0.8218,3,4677.4
[METRICS],IID,143,0.406813,0.8191,0.8218,4,4709.9
[METRICS],IID,144,0.400443,0.8214,0.8218,5,4742.6
[METRICS],IID,145,0.402205,0.8220,0.8218,6,4775.1
[METRICS],IID,146,0.404733,0.8202,0.8218,7,4807.8
[METRICS],IID,147,0.402157,0.8219,0.8218,8,4840.4
[METRICS],IID,148,0.400299,0.8214,0.8218,9,4873.1
[METRICS],IID,149,0.401756,0.8213,0.8218,10,4906.0
[METRICS],IID,150,0.401279,0.8219,0.8218,11,4938.9
[METRICS],IID,151,0.400230,0.8215,0.8218,12,4971.8
[METRICS],IID,152,0.405152,0.8205,0.8218,13,5004.4
[METRICS],IID,153,0.399958,0.8219,0.8218,14,5037.0
[METRICS],IID,154,0.399369,0.8219,0.8218,15,5069.8
[METRICS],IID,155,0.399208,0.8223,0.8218,16,5102.5
[METRICS],IID,156,0.401523,0.8221,0.8218,17,5135.1
[METRICS],IID,157,0.401549,0.8222,0.8218,18,5167.7
[METRICS],IID,158,0.399481,0.8225,0.8225,0,5200.4
[METRICS],IID,159,0.398916,0.8223,0.8225,1,5233.3
[METRICS],IID,160,0.403328,0.8208,0.8225,2,5266.1
[METRICS],IID,161,0.397929,0.8228,0.8225,3,5299.0
[METRICS],IID,162,0.397955,0.8217,0.8225,4,5331.6
[METRICS],IID,163,0.397239,0.8232,0.8232,0,5364.3
[METRICS],IID,164,0.399552,0.8225,0.8232,1,5396.7
[METRICS],IID,165,0.404442,0.8226,0.8232,2,5429.3
[METRICS],IID,166,0.398834,0.8224,0.8232,3,5462.2
[METRICS],IID,167,0.397956,0.8229,0.8232,4,5495.0
[METRICS],IID,168,0.396689,0.8231,0.8232,5,5527.7
[METRICS],IID,169,0.398637,0.8231,0.8232,6,5560.7
[METRICS],IID,170,0.401543,0.8223,0.8232,7,5593.5
[METRICS],IID,171,0.397033,0.8229,0.8232,8,5626.0
[METRICS],IID,172,0.398851,0.8231,0.8232,9,5658.8
[METRICS],IID,173,0.399389,0.8230,0.8232,10,5691.6
[METRICS],IID,174,0.396548,0.8230,0.8232,11,5724.3
[METRICS],IID,175,0.397620,0.8235,0.8232,12,5757.0
[METRICS],IID,176,0.395957,0.8229,0.8232,13,5790.4
[METRICS],IID,177,0.397813,0.8232,0.8232,14,5823.2
[METRICS],IID,178,0.397734,0.8236,0.8232,15,5856.0
[METRICS],IID,179,0.398779,0.8233,0.8232,16,5888.7
[METRICS],IID,180,0.397071,0.8241,0.8241,0,5921.2
[METRICS],IID,181,0.395553,0.8230,0.8241,1,5954.1
[METRICS],IID,182,0.397285,0.8239,0.8241,2,5986.6
[METRICS],IID,183,0.396742,0.8235,0.8241,3,6019.2
[METRICS],IID,184,0.395698,0.8244,0.8241,4,6051.9
[METRICS],IID,185,0.393890,0.8242,0.8241,5,6084.6
[METRICS],IID,186,0.395693,0.8246,0.8246,0,6117.0
[METRICS],IID,187,0.396371,0.8243,0.8246,1,6150.0
[METRICS],IID,188,0.397169,0.8246,0.8246,2,6182.8
[METRICS],IID,189,0.393851,0.8246,0.8246,3,6215.2
[METRICS],IID,190,0.394401,0.8247,0.8246,4,6248.1
[METRICS],IID,191,0.394382,0.8250,0.8246,5,6280.7
[METRICS],IID,192,0.392640,0.8251,0.8246,6,6313.4
[METRICS],IID,193,0.395289,0.8252,0.8252,0,6346.1
[METRICS],IID,194,0.392995,0.8252,0.8252,1,6378.8
[METRICS],IID,195,0.397392,0.8240,0.8252,2,6411.6
[METRICS],IID,196,0.392022,0.8254,0.8252,3,6444.4
[METRICS],IID,197,0.393479,0.8257,0.8257,0,6477.0
[METRICS],IID,198,0.392310,0.8261,0.8257,1,6509.7
[METRICS],IID,199,0.391930,0.8261,0.8257,2,6542.4
[METRICS],IID,200,0.395981,0.8260,0.8257,3,6575.0
[METRICS],IID,201,0.393393,0.8255,0.8257,4,6607.7
[METRICS],IID,202,0.392737,0.8257,0.8257,5,6640.5
[METRICS],IID,203,0.391967,0.8265,0.8265,0,6673.2
[METRICS],IID,204,0.392888,0.8267,0.8265,1,6706.1
[METRICS],IID,205,0.390913,0.8269,0.8265,2,6738.7
[METRICS],IID,206,0.393985,0.8258,0.8265,3,6771.4
[METRICS],IID,207,0.394533,0.8267,0.8265,4,6804.1
[METRICS],IID,208,0.391735,0.8273,0.8273,0,6837.0
[METRICS],IID,209,0.391581,0.8271,0.8273,1,6869.7
[METRICS],IID,210,0.392188,0.8271,0.8273,2,6902.4
[METRICS],IID,211,0.389198,0.8274,0.8273,3,6935.4
[METRICS],IID,212,0.391804,0.8268,0.8273,4,6968.7
[METRICS],IID,213,0.388086,0.8283,0.8283,0,7001.3
[METRICS],IID,214,0.395103,0.8263,0.8283,1,7034.6
[METRICS],IID,215,0.388109,0.8288,0.8283,2,7067.2
[METRICS],IID,216,0.393115,0.8270,0.8283,3,7099.7
[METRICS],IID,217,0.392941,0.8284,0.8283,4,7132.3
[METRICS],IID,218,0.388264,0.8282,0.8283,5,7164.8
[METRICS],IID,219,0.388076,0.8285,0.8283,6,7197.6
[METRICS],IID,220,0.388220,0.8285,0.8283,7,7230.4
[METRICS],IID,221,0.388434,0.8294,0.8294,0,7263.2
[METRICS],IID,222,0.387916,0.8287,0.8294,1,7296.0
[METRICS],IID,223,0.389193,0.8286,0.8294,2,7328.4
[METRICS],IID,224,0.388660,0.8292,0.8294,3,7360.9
[METRICS],IID,225,0.388688,0.8295,0.8294,4,7393.5
[METRICS],IID,226,0.391917,0.8278,0.8294,5,7426.2
[METRICS],IID,227,0.392777,0.8279,0.8294,6,7458.7
[METRICS],IID,228,0.391180,0.8278,0.8294,7,7491.4
[METRICS],IID,229,0.388222,0.8292,0.8294,8,7523.9
[METRICS],IID,230,0.387051,0.8295,0.8294,9,7556.7
[METRICS],IID,231,0.389124,0.8291,0.8294,10,7589.6
[METRICS],IID,232,0.387433,0.8302,0.8302,0,7622.4
[METRICS],IID,233,0.383843,0.8306,0.8302,1,7655.1
[METRICS],IID,234,0.386671,0.8302,0.8302,2,7687.9
[METRICS],IID,235,0.385211,0.8311,0.8311,0,7720.4
[METRICS],IID,236,0.385506,0.8309,0.8311,1,7753.1
[METRICS],IID,237,0.385618,0.8309,0.8311,2,7786.1
[METRICS],IID,238,0.391140,0.8285,0.8311,3,7819.1
[METRICS],IID,239,0.386412,0.8309,0.8311,4,7852.0
[METRICS],IID,240,0.388540,0.8294,0.8311,5,7884.9
[METRICS],IID,241,0.383384,0.8317,0.8317,0,7918.1
[METRICS],IID,242,0.382685,0.8320,0.8317,1,7951.0
[METRICS],IID,243,0.384511,0.8318,0.8317,2,7983.9
[METRICS],IID,244,0.384675,0.8316,0.8317,3,8016.4
[METRICS],IID,245,0.382126,0.8333,0.8333,0,8049.4
[METRICS],IID,246,0.382069,0.8320,0.8333,1,8081.8
[METRICS],IID,247,0.384525,0.8322,0.8333,2,8114.7
[METRICS],IID,248,0.385871,0.8314,0.8333,3,8147.4
[METRICS],IID,249,0.381264,0.8325,0.8333,4,8180.1
[METRICS],IID,250,0.382901,0.8328,0.8333,5,8212.7
[METRICS],IID,251,0.381720,0.8335,0.8333,6,8245.6
[METRICS],IID,252,0.382161,0.8313,0.8333,7,8278.4
[METRICS],IID,253,0.380556,0.8331,0.8333,8,8311.1
[METRICS],IID,254,0.381940,0.8332,0.8333,9,8344.2
[METRICS],IID,255,0.383397,0.8329,0.8333,10,8377.3
[METRICS],IID,256,0.381577,0.8343,0.8343,0,8409.9
[METRICS],IID,257,0.382351,0.8336,0.8343,1,8442.5
[METRICS],IID,258,0.380296,0.8336,0.8343,2,8475.3
[METRICS],IID,259,0.384056,0.8335,0.8343,3,8508.5
[METRICS],IID,260,0.379735,0.8345,0.8343,4,8541.5
[METRICS],IID,261,0.379921,0.8348,0.8343,5,8574.2
[METRICS],IID,262,0.380522,0.8349,0.8349,0,8607.1
[METRICS],IID,263,0.378152,0.8353,0.8349,1,8639.7
[METRICS],IID,264,0.380903,0.8334,0.8349,2,8672.6
[METRICS],IID,265,0.377638,0.8352,0.8349,3,8705.4
[METRICS],IID,266,0.380661,0.8351,0.8349,4,8738.2
[METRICS],IID,267,0.377321,0.8354,0.8349,5,8771.1
[METRICS],IID,268,0.378104,0.8356,0.8356,0,8803.9
[METRICS],IID,269,0.377323,0.8365,0.8365,0,8836.3
[METRICS],IID,270,0.379068,0.8350,0.8365,1,8869.1
[METRICS],IID,271,0.383245,0.8343,0.8365,2,8902.0
[METRICS],IID,272,0.375109,0.8372,0.8372,0,8934.8
[METRICS],IID,273,0.378495,0.8356,0.8372,1,8968.3
[METRICS],IID,274,0.376916,0.8361,0.8372,2,9001.1
[METRICS],IID,275,0.378067,0.8360,0.8372,3,9034.0
[METRICS],IID,276,0.375987,0.8363,0.8372,4,9066.9
[METRICS],IID,277,0.382689,0.8341,0.8372,5,9099.8
[METRICS],IID,278,0.378678,0.8357,0.8372,6,9132.8
[METRICS],IID,279,0.376989,0.8369,0.8372,7,9165.7
[METRICS],IID,280,0.377592,0.8361,0.8372,8,9198.8
[METRICS],IID,281,0.378015,0.8354,0.8372,9,9231.7
[METRICS],IID,282,0.379280,0.8358,0.8372,10,9264.4
[METRICS],IID,283,0.376412,0.8367,0.8372,11,9297.3
[METRICS],IID,284,0.376132,0.8370,0.8372,12,9330.3
[METRICS],IID,285,0.378010,0.8357,0.8372,13,9363.0
[METRICS],IID,286,0.376101,0.8369,0.8372,14,9395.7
[METRICS],IID,287,0.374595,0.8381,0.8381,0,9429.3
[METRICS],IID,288,0.373579,0.8378,0.8381,1,9462.1
[METRICS],IID,289,0.378726,0.8360,0.8381,2,9494.8
[METRICS],IID,290,0.373115,0.8379,0.8381,3,9527.7
[METRICS],IID,291,0.374721,0.8376,0.8381,4,9560.6
[METRICS],IID,292,0.374571,0.8375,0.8381,5,9593.4
[METRICS],IID,293,0.377131,0.8369,0.8381,6,9625.9
[METRICS],IID,294,0.372388,0.8384,0.8381,7,9658.8
[METRICS],IID,295,0.371834,0.8381,0.8381,8,9691.6
[METRICS],IID,296,0.375127,0.8378,0.8381,9,9724.4
[METRICS],IID,297,0.372479,0.8382,0.8381,10,9756.8
[METRICS],IID,298,0.374199,0.8378,0.8381,11,9789.7
[METRICS],IID,299,0.373172,0.8383,0.8381,12,9822.7
[METRICS],IID,300,0.370970,0.8389,0.8389,0,9855.5
[METRICS],FedAvg,1,0.601004,0.8359,0.8359,0,51.3
[METRICS],FedAvg,2,0.663949,0.8359,0.8359,1,96.4
[METRICS],FedAvg,3,0.719106,0.8359,0.8359,2,141.3
[METRICS],FedAvg,4,0.741303,0.8359,0.8359,3,186.5
[METRICS],FedAvg,5,0.740250,0.8359,0.8359,4,231.5
[METRICS],FedAvg,6,0.692942,0.8359,0.8359,5,276.6
[METRICS],FedAvg,7,0.887697,0.8360,0.8359,6,321.6
[METRICS],FedAvg,8,0.842800,0.8363,0.8359,7,366.6
[METRICS],FedAvg,9,1.013003,0.8362,0.8359,8,411.6
[METRICS],FedAvg,10,1.100032,0.8364,0.8364,0,456.6
[METRICS],FedAvg,11,1.097606,0.8363,0.8364,1,501.5
[METRICS],FedAvg,12,1.139260,0.8365,0.8364,2,546.6
[METRICS],FedAvg,13,1.178711,0.8365,0.8364,3,591.6
[METRICS],FedAvg,14,1.112134,0.8363,0.8364,4,636.5
[METRICS],FedAvg,15,1.036730,0.8378,0.8378,0,681.4
[METRICS],FedAvg,16,1.216285,0.8363,0.8378,1,726.4
[METRICS],FedAvg,17,1.097725,0.8374,0.8378,2,771.4
[METRICS],FedAvg,18,1.146610,0.8369,0.8378,3,816.4
[METRICS],FedAvg,19,1.127360,0.8368,0.8378,4,861.4
[METRICS],FedAvg,20,1.131593,0.8372,0.8378,5,906.4
[METRICS],FedAvg,21,1.132511,0.8373,0.8378,6,951.4
[METRICS],FedAvg,22,1.096219,0.8378,0.8378,7,996.3
[METRICS],FedAvg,23,1.258249,0.8367,0.8378,8,1041.3
[METRICS],FedAvg,24,1.102209,0.8370,0.8378,9,1086.2
[METRICS],FedAvg,25,1.214630,0.8371,0.8378,10,1131.1
[METRICS],FedAvg,26,1.126037,0.8369,0.8378,11,1176.1
[METRICS],FedAvg,27,1.195383,0.8369,0.8378,12,1221.1
[METRICS],FedAvg,28,1.091979,0.8389,0.8389,0,1266.1
[METRICS],FedAvg,29,1.189123,0.8375,0.8389,1,1311.0
[METRICS],FedAvg,30,1.162704,0.8371,0.8389,2,1355.9
[METRICS],FedAvg,31,1.090802,0.8365,0.8389,3,1400.9
[METRICS],FedAvg,32,1.289003,0.8360,0.8389,4,1445.9
[METRICS],FedAvg,33,1.047853,0.8366,0.8389,5,1490.8
[METRICS],FedAvg,34,1.313070,0.8361,0.8389,6,1535.8
[METRICS],FedAvg,35,1.136937,0.8363,0.8389,7,1580.8
[METRICS],FedAvg,36,0.968244,0.8385,0.8389,8,1625.8
[METRICS],FedAvg,37,1.193547,0.8373,0.8389,9,1670.7
[METRICS],FedAvg,38,1.069958,0.8382,0.8389,10,1715.7
[METRICS],FedAvg,39,1.215080,0.8375,0.8389,11,1760.7
[METRICS],FedAvg,40,1.206539,0.8370,0.8389,12,1805.7
[METRICS],FedAvg,41,1.054376,0.8363,0.8389,13,1850.7
[METRICS],FedAvg,42,1.177852,0.8384,0.8389,14,1895.7
[METRICS],FedAvg,43,1.157147,0.8365,0.8389,15,1940.6
[METRICS],FedAvg,44,1.152658,0.8370,0.8389,16,1985.6
[METRICS],FedAvg,45,1.016815,0.8388,0.8389,17,2030.6
[METRICS],FedAvg,46,1.347564,0.8360,0.8389,18,2075.5
[METRICS],FedAvg,47,1.062923,0.8375,0.8389,19,2120.6
[METRICS],FedAvg,48,1.084450,0.8395,0.8395,0,2165.6
[METRICS],FedAvg,49,1.138600,0.8375,0.8395,1,2210.6
[METRICS],FedAvg,50,1.186184,0.8378,0.8395,2,2255.6
[METRICS],FedAvg,51,0.846401,0.8358,0.8395,3,2300.5
[METRICS],FedAvg,52,1.298646,0.8361,0.8395,4,2345.5
[METRICS],FedAvg,53,1.072466,0.8384,0.8395,5,2390.5
[METRICS],FedAvg,54,1.154311,0.8378,0.8395,6,2435.5
[METRICS],FedAvg,55,0.918859,0.8403,0.8403,0,2480.5
[METRICS],FedAvg,56,1.312224,0.8362,0.8403,1,2525.4
[METRICS],FedAvg,57,1.138388,0.8367,0.8403,2,2570.4
[METRICS],FedAvg,58,1.326247,0.8361,0.8403,3,2615.5
[METRICS],FedAvg,59,1.124014,0.8367,0.8403,4,2660.4
[METRICS],FedAvg,60,1.054878,0.8402,0.8403,5,2705.5
[METRICS],FedAvg,61,1.372833,0.8361,0.8403,6,2750.5
[METRICS],FedAvg,62,0.890477,0.8412,0.8412,0,2795.4
[METRICS],FedAvg,63,1.475804,0.8360,0.8412,1,2840.4
[METRICS],FedAvg,64,0.835574,0.8412,0.8412,2,2885.4
[METRICS],FedAvg,65,1.394064,0.8362,0.8412,3,2930.4
[METRICS],FedAvg,66,1.139809,0.8365,0.8412,4,2975.3
[METRICS],FedAvg,67,1.150898,0.8374,0.8412,5,3020.4
[METRICS],FedAvg,68,1.188394,0.8365,0.8412,6,3065.5
[METRICS],FedAvg,69,0.882933,0.8413,0.8412,7,3110.6
[METRICS],FedAvg,70,1.427575,0.8363,0.8412,8,3155.5
[METRICS],FedAvg,71,1.168397,0.8370,0.8412,9,3200.5
[METRICS],FedAvg,72,0.976686,0.8408,0.8412,10,3245.6
[METRICS],FedAvg,73,1.210962,0.8371,0.8412,11,3290.6
[METRICS],FedAvg,74,1.263074,0.8364,0.8412,12,3335.6
[METRICS],FedAvg,75,1.138525,0.8369,0.8412,13,3380.5
[METRICS],FedAvg,76,1.190703,0.8374,0.8412,14,3425.6
[METRICS],FedAvg,77,1.221041,0.8367,0.8412,15,3470.6
[METRICS],FedAvg,78,0.815770,0.8412,0.8412,16,3515.6
[METRICS],FedAvg,79,1.502330,0.8361,0.8412,17,3560.6
[METRICS],FedAvg,80,0.543701,0.8405,0.8412,18,3605.6
[METRICS],FedAvg,81,1.480289,0.8360,0.8412,19,3650.6
[METRICS],FedAvg,82,0.880749,0.8388,0.8412,20,3695.6
[METRICS],FedAvg,83,1.468608,0.8360,0.8412,21,3740.6
[METRICS],FedAvg,84,0.641993,0.8400,0.8412,22,3785.5
[METRICS],FedAvg,85,1.367338,0.8364,0.8412,23,3830.5
[METRICS],FedAvg,86,1.016393,0.8389,0.8412,24,3875.6
[METRICS],FedAvg,87,1.354394,0.8370,0.8412,25,3920.5
[METRICS],FedAvg,88,1.132530,0.8387,0.8412,26,3965.6
[METRICS],FedAvg,89,1.076534,0.8398,0.8412,27,4010.6
[METRICS],FedAvg,90,1.208626,0.8378,0.8412,28,4055.6
[METRICS],FedAvg,91,0.994914,0.8403,0.8412,29,4100.6
[METRICS],FedAvg,92,1.276481,0.8370,0.8412,30,4145.7
[METRICS],FedProx_Mu0.01,1,0.581782,0.8359,0.8359,0,49.8
[METRICS],FedProx_Mu0.01,2,0.651629,0.8359,0.8359,1,94.7
[METRICS],FedProx_Mu0.01,3,0.701628,0.8359,0.8359,2,139.9
[METRICS],FedProx_Mu0.01,4,0.765374,0.8359,0.8359,3,184.9
[METRICS],FedProx_Mu0.01,5,0.786189,0.8359,0.8359,4,229.8
[METRICS],FedProx_Mu0.01,6,0.843944,0.8359,0.8359,5,274.8
[METRICS],FedProx_Mu0.01,7,0.900357,0.8358,0.8359,6,319.9
[METRICS],FedProx_Mu0.01,8,0.877505,0.8361,0.8359,7,364.9
[METRICS],FedProx_Mu0.01,9,0.961630,0.8362,0.8359,8,409.8
[METRICS],FedProx_Mu0.01,10,0.943966,0.8363,0.8359,9,454.8
[METRICS],FedProx_Mu0.01,11,1.167557,0.8362,0.8359,10,499.6
[METRICS],FedProx_Mu0.01,12,1.058426,0.8367,0.8367,0,544.7
[METRICS],FedProx_Mu0.01,13,1.032226,0.8358,0.8367,1,589.7
[METRICS],FedProx_Mu0.01,14,1.198659,0.8364,0.8367,2,634.7
[METRICS],FedProx_Mu0.01,15,1.098237,0.8366,0.8367,3,679.6
[METRICS],FedProx_Mu0.01,16,1.202501,0.8366,0.8367,4,724.7
[METRICS],FedProx_Mu0.01,17,0.873232,0.8359,0.8367,5,769.6
[METRICS],FedProx_Mu0.01,18,1.125657,0.8356,0.8367,6,814.7
[METRICS],FedProx_Mu0.01,19,1.255065,0.8365,0.8367,7,859.6
[METRICS],FedProx_Mu0.01,20,1.062041,0.8350,0.8367,8,904.6
[METRICS],FedProx_Mu0.01,21,1.243380,0.8364,0.8367,9,949.5
[METRICS],FedProx_Mu0.01,22,1.077659,0.8367,0.8367,10,994.5
[METRICS],FedProx_Mu0.01,23,1.364482,0.8363,0.8367,11,1039.4
[METRICS],FedProx_Mu0.01,24,1.132266,0.8371,0.8367,12,1084.3
[METRICS],FedProx_Mu0.01,25,1.378066,0.8359,0.8367,13,1129.1
[METRICS],FedProx_Mu0.01,26,1.255790,0.8366,0.8367,14,1174.1
[METRICS],FedProx_Mu0.01,27,0.976571,0.8388,0.8388,0,1219.2
[METRICS],FedProx_Mu0.01,28,1.354650,0.8366,0.8388,1,1264.1
[METRICS],FedProx_Mu0.01,29,1.124753,0.8381,0.8388,2,1309.1
[METRICS],FedProx_Mu0.01,30,1.379756,0.8363,0.8388,3,1354.0
[METRICS],FedProx_Mu0.01,31,1.238067,0.8370,0.8388,4,1398.9
[METRICS],FedProx_Mu0.01,32,1.312941,0.8368,0.8388,5,1444.0
[METRICS],FedProx_Mu0.01,33,1.258704,0.8374,0.8388,6,1489.1
[METRICS],FedProx_Mu0.01,34,1.273515,0.8366,0.8388,7,1534.2
[METRICS],FedProx_Mu0.01,35,1.240827,0.8373,0.8388,8,1579.2
[METRICS],FedProx_Mu0.01,36,1.183205,0.8378,0.8388,9,1624.3
[METRICS],FedProx_Mu0.01,37,1.214243,0.8383,0.8388,10,1669.3
[METRICS],FedProx_Mu0.01,38,1.105620,0.8356,0.8388,11,1714.2
[METRICS],FedProx_Mu0.01,39,1.299650,0.8372,0.8388,12,1759.1
[METRICS],FedProx_Mu0.01,40,1.003568,0.8382,0.8388,13,1804.0
[METRICS],FedProx_Mu0.01,41,1.349525,0.8372,0.8388,14,1849.0
[METRICS],FedProx_Mu0.01,42,1.285469,0.8373,0.8388,15,1894.0
[METRICS],FedProx_Mu0.01,43,0.945178,0.8392,0.8388,16,1939.0
[METRICS],FedProx_Mu0.01,44,1.411509,0.8365,0.8388,17,1984.0
[METRICS],FedProx_Mu0.01,45,0.895745,0.8372,0.8388,18,2029.1
[METRICS],FedProx_Mu0.01,46,1.416899,0.8363,0.8388,19,2074.2
[METRICS],FedProx_Mu0.01,47,1.221080,0.8376,0.8388,20,2119.4
[METRICS],FedProx_Mu0.01,48,1.310375,0.8366,0.8388,21,2164.5
[METRICS],FedProx_Mu0.01,49,0.875098,0.8368,0.8388,22,2209.7
[METRICS],FedProx_Mu0.01,50,1.319146,0.8371,0.8388,23,2254.8
[METRICS],FedProx_Mu0.01,51,1.211181,0.8378,0.8388,24,2299.7
[METRICS],FedProx_Mu0.01,52,1.401135,0.8366,0.8388,25,2344.9
[METRICS],FedProx_Mu0.01,53,1.168768,0.8390,0.8388,26,2389.9
[METRICS],FedProx_Mu0.01,54,1.345154,0.8364,0.8388,27,2434.9
[METRICS],FedProx_Mu0.01,55,1.390152,0.8367,0.8388,28,2479.8
[METRICS],FedProx_Mu0.01,56,1.181205,0.8387,0.8388,29,2524.9
[METRICS],FedProx_Mu0.01,57,1.388245,0.8364,0.8388,30,2569.9
[METRICS],FedProx_Mu0.1,1,0.601357,0.8359,0.8359,0,70.1
[METRICS],FedProx_Mu0.1,2,0.665698,0.8359,0.8359,1,115.1
[METRICS],FedProx_Mu0.1,3,0.693733,0.8359,0.8359,2,160.4
[METRICS],FedProx_Mu0.1,4,0.741477,0.8359,0.8359,3,205.4
[METRICS],FedProx_Mu0.1,5,0.800156,0.8359,0.8359,4,250.4
[METRICS],FedProx_Mu0.1,6,0.832077,0.8359,0.8359,5,295.4
[METRICS],FedProx_Mu0.1,7,0.912240,0.8359,0.8359,6,340.9
[METRICS],FedProx_Mu0.1,8,0.929081,0.8361,0.8359,7,387.1
[METRICS],FedProx_Mu0.1,9,1.114915,0.8361,0.8359,8,433.2
[METRICS],FedProx_Mu0.1,10,1.039853,0.8361,0.8359,9,479.0
[METRICS],FedProx_Mu0.1,11,1.196869,0.8364,0.8364,0,524.6
[METRICS],FedProx_Mu0.1,12,1.073266,0.8367,0.8364,1,570.2
[METRICS],FedProx_Mu0.1,13,1.148522,0.8366,0.8364,2,615.7
[METRICS],FedProx_Mu0.1,14,1.095999,0.8372,0.8372,0,661.2
[METRICS],FedProx_Mu0.1,15,1.130954,0.8369,0.8372,1,706.6
[METRICS],FedProx_Mu0.1,16,1.123584,0.8368,0.8372,2,752.2
[METRICS],FedProx_Mu0.1,17,1.111290,0.8366,0.8372,3,797.8
[METRICS],FedProx_Mu0.1,18,0.938448,0.8378,0.8378,0,843.1
[METRICS],FedProx_Mu0.1,19,1.152317,0.8371,0.8378,1,888.5
[METRICS],FedProx_Mu0.1,20,1.083003,0.8375,0.8378,2,933.9
[METRICS],FedProx_Mu0.1,21,1.119423,0.8372,0.8378,3,979.5
[METRICS],FedProx_Mu0.1,22,1.102988,0.8376,0.8378,4,1025.0
[METRICS],FedProx_Mu0.1,23,1.012402,0.8383,0.8378,5,1070.3
[METRICS],FedProx_Mu0.1,24,1.078060,0.8377,0.8378,6,1115.9
[METRICS],FedProx_Mu0.1,25,1.136725,0.8377,0.8378,7,1161.4
[METRICS],FedProx_Mu0.1,26,1.157452,0.8368,0.8378,8,1206.7
[METRICS],FedProx_Mu0.1,27,1.187897,0.8367,0.8378,9,1252.2
[METRICS],FedProx_Mu0.1,28,0.978774,0.8386,0.8386,0,1297.4
[METRICS],FedProx_Mu0.1,29,1.286516,0.8362,0.8386,1,1342.9
[METRICS],FedProx_Mu0.1,30,0.689456,0.8415,0.8415,0,1388.5
[METRICS],FedProx_Mu0.1,31,1.205949,0.8364,0.8415,1,1433.9
[METRICS],FedProx_Mu0.1,32,1.067424,0.8372,0.8415,2,1479.5
[METRICS],FedProx_Mu0.1,33,1.223517,0.8369,0.8415,3,1525.0
[METRICS],FedProx_Mu0.1,34,1.181625,0.8368,0.8415,4,1570.5
[METRICS],FedProx_Mu0.1,35,1.193979,0.8374,0.8415,5,1616.0
[METRICS],FedProx_Mu0.1,36,1.183891,0.8385,0.8415,6,1661.4
[METRICS],FedProx_Mu0.1,37,1.269163,0.8365,0.8415,7,1706.8
[METRICS],FedProx_Mu0.1,38,0.948687,0.8388,0.8415,8,1751.9
[METRICS],FedProx_Mu0.1,39,1.431554,0.8363,0.8415,9,1797.4
[METRICS],FedProx_Mu0.1,40,0.978154,0.8383,0.8415,10,1842.9
[METRICS],FedProx_Mu0.1,41,1.334158,0.8361,0.8415,11,1888.4
[METRICS],FedProx_Mu0.1,42,0.972456,0.8376,0.8415,12,1933.9
[METRICS],FedProx_Mu0.1,43,1.340979,0.8368,0.8415,13,1979.3
[METRICS],FedProx_Mu0.1,44,0.653613,0.8416,0.8415,14,2025.1
[METRICS],FedProx_Mu0.1,45,1.336386,0.8360,0.8415,15,2070.7
[METRICS],FedProx_Mu0.1,46,0.835638,0.8390,0.8415,16,2116.3
[METRICS],FedProx_Mu0.1,47,1.382941,0.8360,0.8415,17,2161.8
[METRICS],FedProx_Mu0.1,48,0.683711,0.8387,0.8415,18,2207.2
[METRICS],FedProx_Mu0.1,49,1.431488,0.8359,0.8415,19,2252.6
[METRICS],FedProx_Mu0.1,50,1.096330,0.8370,0.8415,20,2298.1
[METRICS],FedProx_Mu0.1,51,1.145521,0.8377,0.8415,21,2343.5
[METRICS],FedProx_Mu0.1,52,1.409883,0.8364,0.8415,22,2389.0
[METRICS],FedProx_Mu0.1,53,0.900998,0.8386,0.8415,23,2434.5
[METRICS],FedProx_Mu0.1,54,1.353098,0.8363,0.8415,24,2480.1
[METRICS],FedProx_Mu0.1,55,0.966966,0.8385,0.8415,25,2525.6
[METRICS],FedProx_Mu0.1,56,1.429678,0.8368,0.8415,26,2570.8
[METRICS],FedProx_Mu0.1,57,0.592541,0.8424,0.8424,0,2616.3
[METRICS],FedProx_Mu0.1,58,1.341485,0.8360,0.8424,1,2661.8
[METRICS],FedProx_Mu0.1,59,0.972677,0.8376,0.8424,2,2707.2
[METRICS],FedProx_Mu0.1,60,1.226748,0.8375,0.8424,3,2752.6
[METRICS],FedProx_Mu0.1,61,0.895542,0.8377,0.8424,4,2798.1
[METRICS],FedProx_Mu0.1,62,1.223235,0.8370,0.8424,5,2843.5
[METRICS],FedProx_Mu0.1,63,0.933626,0.8374,0.8424,6,2888.8
[METRICS],FedProx_Mu0.1,64,1.209274,0.8366,0.8424,7,2934.3
[METRICS],FedProx_Mu0.1,65,1.056462,0.8371,0.8424,8,2979.8
[METRICS],FedProx_Mu0.1,66,1.140094,0.8369,0.8424,9,3025.4
[METRICS],FedProx_Mu0.1,67,1.029620,0.8370,0.8424,10,3070.8
[METRICS],FedProx_Mu0.1,68,1.240268,0.8366,0.8424,11,3116.2
[METRICS],FedProx_Mu0.1,69,1.015457,0.8369,0.8424,12,3161.5
[METRICS],FedProx_Mu0.1,70,1.192374,0.8367,0.8424,13,3206.7
[METRICS],FedProx_Mu0.1,71,0.971995,0.8373,0.8424,14,3252.1
[METRICS],FedProx_Mu0.1,72,1.238552,0.8365,0.8424,15,3297.6
[METRICS],FedProx_Mu0.1,73,0.900580,0.8371,0.8424,16,3343.1
[METRICS],FedProx_Mu0.1,74,1.210838,0.8365,0.8424,17,3388.7
[METRICS],FedProx_Mu0.1,75,0.928187,0.8374,0.8424,18,3434.2
[METRICS],FedProx_Mu0.1,76,1.242869,0.8367,0.8424,19,3479.6
[METRICS],FedProx_Mu0.1,77,0.847078,0.8380,0.8424,20,3524.9
[METRICS],FedProx_Mu0.1,78,1.141194,0.8368,0.8424,21,3570.3
[METRICS],FedProx_Mu0.1,79,1.168765,0.8363,0.8424,22,3615.7
[METRICS],FedProx_Mu0.1,80,0.922847,0.8380,0.8424,23,3661.2
[METRICS],FedProx_Mu0.1,81,1.411350,0.8362,0.8424,24,3706.6
[METRICS],FedProx_Mu0.1,82,0.669352,0.8421,0.8424,25,3752.3
[METRICS],FedProx_Mu0.1,83,1.469610,0.8361,0.8424,26,3797.8
[METRICS],FedProx_Mu0.1,84,0.950637,0.8394,0.8424,27,3843.3
[METRICS],FedProx_Mu0.1,85,1.416171,0.8364,0.8424,28,3888.7
[METRICS],FedProx_Mu0.1,86,0.662646,0.8427,0.8424,29,3934.3
[METRICS],FedProx_Mu0.1,87,1.494186,0.8360,0.8424,30,3979.9
[METRICS],FedProx_Mu0.5,1,0.588683,0.8359,0.8359,0,110.5
[METRICS],FedProx_Mu0.5,2,0.659009,0.8359,0.8359,1,155.9
[METRICS],FedProx_Mu0.5,3,0.716313,0.8359,0.8359,2,201.3
[METRICS],FedProx_Mu0.5,4,0.777100,0.8358,0.8359,3,246.7
[METRICS],FedProx_Mu0.5,5,0.788134,0.8361,0.8359,4,292.2
[METRICS],FedProx_Mu0.5,6,0.945879,0.8359,0.8359,5,337.5
[METRICS],FedProx_Mu0.5,7,0.909708,0.8353,0.8359,6,382.8
[METRICS],FedProx_Mu0.5,8,0.962567,0.8367,0.8367,0,428.2
[METRICS],FedProx_Mu0.5,9,1.022026,0.8376,0.8376,0,473.4
[METRICS],FedProx_Mu0.5,10,1.080388,0.8369,0.8376,1,518.6
[METRICS],FedProx_Mu0.5,11,1.052853,0.8350,0.8376,2,563.8
[METRICS],FedProx_Mu0.5,12,1.119076,0.8369,0.8376,3,609.1
[METRICS],FedProx_Mu0.5,13,1.147601,0.8363,0.8376,4,654.8
[METRICS],FedProx_Mu0.5,14,1.148381,0.8377,0.8376,5,700.3
[METRICS],FedProx_Mu0.5,15,0.931554,0.8358,0.8376,6,745.8
[METRICS],FedProx_Mu0.5,16,1.194529,0.8369,0.8376,7,791.4
[METRICS],FedProx_Mu0.5,17,1.002370,0.8392,0.8392,0,837.1
[METRICS],FedProx_Mu0.5,18,1.163146,0.8378,0.8392,1,882.6
[METRICS],FedProx_Mu0.5,19,0.978561,0.8400,0.8400,0,928.4
[METRICS],FedProx_Mu0.5,20,1.046024,0.8394,0.8400,1,973.9
[METRICS],FedProx_Mu0.5,21,1.080900,0.8393,0.8400,2,1019.4
[METRICS],FedProx_Mu0.5,22,1.070307,0.8396,0.8400,3,1064.9
[METRICS],FedProx_Mu0.5,23,1.077670,0.8399,0.8400,4,1110.5
[METRICS],FedProx_Mu0.5,24,1.000913,0.8406,0.8406,0,1156.0
[METRICS],FedProx_Mu0.5,25,1.120428,0.8393,0.8406,1,1201.7
[METRICS],FedProx_Mu0.5,26,1.128729,0.8384,0.8406,2,1247.2
[METRICS],FedProx_Mu0.5,27,1.011943,0.8407,0.8406,3,1292.6
[METRICS],FedProx_Mu0.5,28,1.083060,0.8400,0.8406,4,1338.1
[METRICS],FedProx_Mu0.5,29,1.096343,0.8400,0.8406,5,1383.5
[METRICS],FedProx_Mu0.5,30,1.187498,0.8383,0.8406,6,1428.9
[METRICS],FedProx_Mu0.5,31,1.141903,0.8388,0.8406,7,1474.4
[METRICS],FedProx_Mu0.5,32,1.152740,0.8385,0.8406,8,1520.1
[METRICS],FedProx_Mu0.5,33,1.255800,0.8393,0.8406,9,1565.6
[METRICS],FedProx_Mu0.5,34,1.173882,0.8381,0.8406,10,1611.1
[METRICS],FedProx_Mu0.5,35,1.218373,0.8377,0.8406,11,1656.7
[METRICS],FedProx_Mu0.5,36,1.080780,0.8391,0.8406,12,1702.9
[METRICS],FedProx_Mu0.5,37,1.206900,0.8368,0.8406,13,1748.4
[METRICS],FedProx_Mu0.5,38,1.217332,0.8373,0.8406,14,1793.8
[METRICS],FedProx_Mu0.5,39,1.255528,0.8380,0.8406,15,1839.3
[METRICS],FedProx_Mu0.5,40,1.202389,0.8382,0.8406,16,1885.2
[METRICS],FedProx_Mu0.5,41,1.181584,0.8371,0.8406,17,1930.7
[METRICS],FedProx_Mu0.5,42,1.204386,0.8385,0.8406,18,1976.4
[METRICS],FedProx_Mu0.5,43,1.433716,0.8361,0.8406,19,2021.9
[METRICS],FedProx_Mu0.5,44,0.903668,0.8402,0.8406,20,2067.7
[METRICS],FedProx_Mu0.5,45,1.434487,0.8365,0.8406,21,2113.4
[METRICS],FedProx_Mu0.5,46,1.329626,0.8377,0.8406,22,2158.8
[METRICS],FedProx_Mu0.5,47,1.245333,0.8383,0.8406,23,2204.3
[METRICS],FedProx_Mu0.5,48,1.145117,0.8386,0.8406,24,2249.8
[METRICS],FedProx_Mu0.5,49,1.278251,0.8391,0.8406,25,2295.4
[METRICS],FedProx_Mu0.5,50,1.389654,0.8365,0.8406,26,2341.0
[METRICS],FedProx_Mu0.5,51,1.085420,0.8380,0.8406,27,2386.5
[METRICS],FedProx_Mu0.5,52,1.272258,0.8393,0.8406,28,2432.4
[METRICS],FedProx_Mu0.5,53,1.332344,0.8379,0.8406,29,2478.0
[METRICS],FedProx_Mu0.5,54,1.045999,0.8385,0.8406,30,2523.5
[METRICS],FedProx_Mu1.0,1,0.573614,0.8359,0.8359,0,150.9
[METRICS],FedProx_Mu1.0,2,0.633941,0.8359,0.8359,1,196.4
[METRICS],FedProx_Mu1.0,3,0.661648,0.8359,0.8359,2,242.2
[METRICS],FedProx_Mu1.0,4,0.703182,0.8359,0.8359,3,288.0
[METRICS],FedProx_Mu1.0,5,0.760254,0.8359,0.8359,4,333.8
[METRICS],FedProx_Mu1.0,6,0.843565,0.8359,0.8359,5,379.6
[METRICS],FedProx_Mu1.0,7,0.726983,0.8359,0.8359,6,425.2
[METRICS],FedProx_Mu1.0,8,0.944544,0.8359,0.8359,7,470.8
[METRICS],FedProx_Mu1.0,9,0.862893,0.8357,0.8359,8,516.4
[METRICS],FedProx_Mu1.0,10,1.027088,0.8361,0.8359,9,562.1
[METRICS],FedProx_Mu1.0,11,0.931884,0.8373,0.8373,0,607.8
[METRICS],FedProx_Mu1.0,12,1.026965,0.8367,0.8373,1,653.4
[METRICS],FedProx_Mu1.0,13,1.088970,0.8368,0.8373,2,699.1
[METRICS],FedProx_Mu1.0,14,1.065103,0.8374,0.8373,3,744.7
[METRICS],FedProx_Mu1.0,15,0.997067,0.8360,0.8373,4,790.2
[METRICS],FedProx_Mu1.0,16,1.102544,0.8362,0.8373,5,835.8
[METRICS],FedProx_Mu1.0,17,1.254941,0.8360,0.8373,6,881.7
[METRICS],FedProx_Mu1.0,18,1.020154,0.8384,0.8384,0,927.3
[METRICS],FedProx_Mu1.0,19,1.133981,0.8363,0.8384,1,972.9
[METRICS],FedProx_Mu1.0,20,0.960845,0.8397,0.8397,0,1018.4
[METRICS],FedProx_Mu1.0,21,1.201833,0.8361,0.8397,1,1063.8
[METRICS],FedProx_Mu1.0,22,1.056018,0.8392,0.8397,2,1109.4
[METRICS],FedProx_Mu1.0,23,0.933343,0.8368,0.8397,3,1154.9
[METRICS],FedProx_Mu1.0,24,1.253900,0.8369,0.8397,4,1200.5
[METRICS],FedProx_Mu1.0,25,0.854036,0.8412,0.8412,0,1245.9
[METRICS],FedProx_Mu1.0,26,1.217659,0.8361,0.8412,1,1291.5
[METRICS],FedProx_Mu1.0,27,1.120721,0.8385,0.8412,2,1337.1
[METRICS],FedProx_Mu1.0,28,0.848583,0.8398,0.8412,3,1382.7
[METRICS],FedProx_Mu1.0,29,1.359087,0.8362,0.8412,4,1428.2
[METRICS],FedProx_Mu1.0,30,0.685252,0.8415,0.8412,5,1473.8
[METRICS],FedProx_Mu1.0,31,1.412483,0.8360,0.8412,6,1519.4
[METRICS],FedProx_Mu1.0,32,0.752907,0.8404,0.8412,7,1565.1
[METRICS],FedProx_Mu1.0,33,1.278829,0.8369,0.8412,8,1610.6
[METRICS],FedProx_Mu1.0,34,0.822887,0.8410,0.8412,9,1656.1
[METRICS],FedProx_Mu1.0,35,1.022255,0.8364,0.8412,10,1701.7
[METRICS],FedProx_Mu1.0,36,1.283262,0.8376,0.8412,11,1747.4
[METRICS],FedProx_Mu1.0,37,1.011042,0.8398,0.8412,12,1793.0
[METRICS],FedProx_Mu1.0,38,1.384000,0.8364,0.8412,13,1838.6
[METRICS],FedProx_Mu1.0,39,0.625166,0.8428,0.8428,0,1884.2
[METRICS],FedProx_Mu1.0,40,1.419219,0.8361,0.8428,1,1930.2
[METRICS],FedProx_Mu1.0,41,0.617786,0.8430,0.8428,2,1975.9
[METRICS],FedProx_Mu1.0,42,1.455277,0.8361,0.8428,3,2021.3
[METRICS],FedProx_Mu1.0,43,0.633555,0.8412,0.8428,4,2066.9
[METRICS],FedProx_Mu1.0,44,1.411323,0.8362,0.8428,5,2112.7
[METRICS],FedProx_Mu1.0,45,0.745094,0.8430,0.8428,6,2158.3
[METRICS],FedProx_Mu1.0,46,1.365135,0.8364,0.8428,7,2203.9
[METRICS],FedProx_Mu1.0,47,0.683424,0.8404,0.8428,8,2249.6
[METRICS],FedProx_Mu1.0,48,1.341057,0.8361,0.8428,9,2295.2
[METRICS],FedProx_Mu1.0,49,1.185396,0.8370,0.8428,10,2340.7
[METRICS],FedProx_Mu1.0,50,0.950140,0.8419,0.8428,11,2386.4
[METRICS],FedProx_Mu1.0,51,1.442069,0.8360,0.8428,12,2431.7
[METRICS],FedProx_Mu1.0,52,0.668408,0.8381,0.8428,13,2477.4
[METRICS],FedProx_Mu1.0,53,1.457324,0.8360,0.8428,14,2523.2
[METRICS],FedProx_Mu1.0,54,0.794676,0.8418,0.8428,15,2568.8
[METRICS],FedProx_Mu1.0,55,1.345611,0.8364,0.8428,16,2614.4
[METRICS],FedProx_Mu1.0,56,0.837958,0.8373,0.8428,17,2659.9
[METRICS],FedProx_Mu1.0,57,1.379532,0.8362,0.8428,18,2705.3
[METRICS],FedProx_Mu1.0,58,1.075833,0.8382,0.8428,19,2750.9
[METRICS],FedProx_Mu1.0,59,1.265322,0.8367,0.8428,20,2796.5
[METRICS],FedProx_Mu1.0,60,0.961474,0.8374,0.8428,21,2842.0
[METRICS],FedProx_Mu1.0,61,1.038646,0.8409,0.8428,22,2887.6
[METRICS],FedProx_Mu1.0,62,1.269231,0.8366,0.8428,23,2933.1
[METRICS],FedProx_Mu1.0,63,1.058003,0.8394,0.8428,24,2978.6
[METRICS],FedProx_Mu1.0,64,1.300531,0.8364,0.8428,25,3024.2
[METRICS],FedProx_Mu1.0,65,0.893011,0.8376,0.8428,26,3069.8
[METRICS],FedProx_Mu1.0,66,1.444202,0.8363,0.8428,27,3115.5
[METRICS],FedProx_Mu1.0,67,0.698861,0.8407,0.8428,28,3161.0
[METRICS],FedProx_Mu1.0,68,1.430289,0.8361,0.8428,29,3206.6
[METRICS],FedProx_Mu1.0,69,0.675917,0.8349,0.8428,30,3252.3
[METRICS],FedAvg_LR0.0001,1,0.519132,0.8359,0.8359,0,150.5
[METRICS],FedAvg_LR0.0001,2,0.482535,0.8359,0.8359,1,196.1
[METRICS],FedAvg_LR0.0001,3,0.485668,0.8359,0.8359,2,241.6
[METRICS],FedAvg_LR0.0001,4,0.499986,0.8359,0.8359,3,287.3
[METRICS],FedAvg_LR0.0001,5,0.518036,0.8359,0.8359,4,332.8
[METRICS],FedAvg_LR0.0001,6,0.534537,0.8359,0.8359,5,378.2
[METRICS],FedAvg_LR0.0001,7,0.548384,0.8359,0.8359,6,423.5
[METRICS],FedAvg_LR0.0001,8,0.560259,0.8359,0.8359,7,469.1
[METRICS],FedAvg_LR0.0001,9,0.574657,0.8359,0.8359,8,514.7
[METRICS],FedAvg_LR0.0001,10,0.589789,0.8359,0.8359,9,560.4
[METRICS],FedAvg_LR0.0001,11,0.602785,0.8359,0.8359,10,605.9
[METRICS],FedAvg_LR0.0001,12,0.621316,0.8359,0.8359,11,651.2
[METRICS],FedAvg_LR0.0001,13,0.638634,0.8358,0.8359,12,696.7
[METRICS],FedAvg_LR0.0001,14,0.654695,0.8358,0.8359,13,742.3
[METRICS],FedAvg_LR0.0001,15,0.675754,0.8359,0.8359,14,788.1
[METRICS],FedAvg_LR0.0001,16,0.691966,0.8359,0.8359,15,833.7
[METRICS],FedAvg_LR0.0001,17,0.723297,0.8359,0.8359,16,879.2
[METRICS],FedAvg_LR0.0001,18,0.749650,0.8359,0.8359,17,925.0
[METRICS],FedAvg_LR0.0001,19,0.772319,0.8359,0.8359,18,970.5
[METRICS],FedAvg_LR0.0001,20,0.795232,0.8359,0.8359,19,1015.8
[METRICS],FedAvg_LR0.0001,21,0.817937,0.8359,0.8359,20,1061.4
[METRICS],FedAvg_LR0.0001,22,0.843814,0.8360,0.8359,21,1106.9
[METRICS],FedAvg_LR0.0001,23,0.869476,0.8360,0.8359,22,1152.5
[METRICS],FedAvg_LR0.0001,24,0.901117,0.8360,0.8359,23,1198.2
[METRICS],FedAvg_LR0.0001,25,0.908181,0.8360,0.8359,24,1243.7
[METRICS],FedAvg_LR0.0001,26,0.937628,0.8360,0.8359,25,1289.4
[METRICS],FedAvg_LR0.0001,27,0.948280,0.8360,0.8359,26,1334.9
[METRICS],FedAvg_LR0.0001,28,0.974443,0.8360,0.8359,27,1380.3
[METRICS],FedAvg_LR0.0001,29,0.972155,0.8359,0.8359,28,1425.9
[METRICS],FedAvg_LR0.0001,30,0.982573,0.8359,0.8359,29,1471.6
[METRICS],FedAvg_LR0.0001,31,0.997643,0.8357,0.8359,30,1517.1
[METRICS],FedAvg_LR0.0005,1,0.514184,0.8359,0.8359,0,150.6
[METRICS],FedAvg_LR0.0005,2,0.586086,0.8359,0.8359,1,196.4
[METRICS],FedAvg_LR0.0005,3,0.632647,0.8359,0.8359,2,241.9
[METRICS],FedAvg_LR0.0005,4,0.691690,0.8359,0.8359,3,287.5
[METRICS],FedAvg_LR0.0005,5,0.751865,0.8359,0.8359,4,333.1
[METRICS],FedAvg_LR0.0005,6,0.806363,0.8359,0.8359,5,378.5
[METRICS],FedAvg_LR0.0005,7,0.865269,0.8359,0.8359,6,423.9
[METRICS],FedAvg_LR0.0005,8,0.919049,0.8359,0.8359,7,469.3
[METRICS],FedAvg_LR0.0005,9,0.943315,0.8359,0.8359,8,514.8
[METRICS],FedAvg_LR0.0005,10,0.991560,0.8362,0.8359,9,560.3
[METRICS],FedAvg_LR0.0005,11,1.028179,0.8367,0.8367,0,605.8
[METRICS],FedAvg_LR0.0005,12,0.992926,0.8370,0.8367,1,651.2
[METRICS],FedAvg_LR0.0005,13,1.075453,0.8363,0.8367,2,696.8
[METRICS],FedAvg_LR0.0005,14,0.983680,0.8364,0.8367,3,742.6
[METRICS],FedAvg_LR0.0005,15,1.081489,0.8366,0.8367,4,788.3
[METRICS],FedAvg_LR0.0005,16,1.105233,0.8360,0.8367,5,833.9
[METRICS],FedAvg_LR0.0005,17,1.101204,0.8364,0.8367,6,879.8
[METRICS],FedAvg_LR0.0005,18,1.165574,0.8362,0.8367,7,925.3
[METRICS],FedAvg_LR0.0005,19,1.092605,0.8360,0.8367,8,970.8
[METRICS],FedAvg_LR0.0005,20,1.110995,0.8363,0.8367,9,1016.4
[METRICS],FedAvg_LR0.0005,21,1.124632,0.8362,0.8367,10,1062.0
[METRICS],FedAvg_LR0.0005,22,1.122495,0.8360,0.8367,11,1107.7
[METRICS],FedAvg_LR0.0005,23,1.082018,0.8364,0.8367,12,1153.1
[METRICS],FedAvg_LR0.0005,24,0.926230,0.8366,0.8367,13,1198.7
[METRICS],FedAvg_LR0.0005,25,1.126029,0.8367,0.8367,14,1244.4
[METRICS],FedAvg_LR0.0005,26,1.060929,0.8365,0.8367,15,1289.9
[METRICS],FedAvg_LR0.0005,27,1.054512,0.8363,0.8367,16,1335.5
[METRICS],FedAvg_LR0.0005,28,1.213488,0.8362,0.8367,17,1381.0
[METRICS],FedAvg_LR0.0005,29,0.939474,0.8371,0.8367,18,1426.6
[METRICS],FedAvg_LR0.0005,30,1.145003,0.8367,0.8367,19,1472.3
[METRICS],FedAvg_LR0.0005,31,0.941691,0.8370,0.8367,20,1517.9
[METRICS],FedAvg_LR0.0005,32,1.167464,0.8362,0.8367,21,1563.4
[METRICS],FedAvg_LR0.0005,33,0.921014,0.8377,0.8377,0,1608.9
[METRICS],FedAvg_LR0.0005,34,1.074765,0.8386,0.8386,0,1654.6
[METRICS],FedAvg_LR0.0005,35,0.908279,0.8373,0.8386,1,1700.2
[METRICS],FedAvg_LR0.0005,36,1.026030,0.8392,0.8392,0,1745.7
[METRICS],FedAvg_LR0.0005,37,1.032229,0.8382,0.8392,1,1791.4
[METRICS],FedAvg_LR0.0005,38,0.861958,0.8403,0.8403,0,1837.0
[METRICS],FedAvg_LR0.0005,39,1.190900,0.8361,0.8403,1,1883.0
[METRICS],FedAvg_LR0.0005,40,0.963721,0.8383,0.8403,2,1928.5
[METRICS],FedAvg_LR0.0005,41,1.093287,0.8361,0.8403,3,1974.0
[METRICS],FedAvg_LR0.0005,42,1.126581,0.8367,0.8403,4,2019.6
[METRICS],FedAvg_LR0.0005,43,1.064655,0.8366,0.8403,5,2065.2
[METRICS],FedAvg_LR0.0005,44,1.219136,0.8361,0.8403,6,2110.6
[METRICS],FedAvg_LR0.0005,45,0.953406,0.8387,0.8403,7,2156.2
[METRICS],FedAvg_LR0.0005,46,1.225262,0.8360,0.8403,8,2201.7
[METRICS],FedAvg_LR0.0005,47,0.797394,0.8390,0.8403,9,2247.3
[METRICS],FedAvg_LR0.0005,48,1.396691,0.8360,0.8403,10,2292.8
[METRICS],FedAvg_LR0.0005,49,0.862296,0.8405,0.8403,11,2338.5
[METRICS],FedAvg_LR0.0005,50,1.353853,0.8363,0.8403,12,2384.0
[METRICS],FedAvg_LR0.0005,51,0.963516,0.8374,0.8403,13,2429.6
[METRICS],FedAvg_LR0.0005,52,1.341179,0.8360,0.8403,14,2475.1
[METRICS],FedAvg_LR0.0005,53,0.790702,0.8398,0.8403,15,2520.5
[METRICS],FedAvg_LR0.0005,54,1.358536,0.8366,0.8403,16,2565.9
[METRICS],FedAvg_LR0.0005,55,0.831196,0.8392,0.8403,17,2611.3
[METRICS],FedAvg_LR0.0005,56,1.288689,0.8361,0.8403,18,2656.8
[METRICS],FedAvg_LR0.0005,57,0.875528,0.8402,0.8403,19,2702.7
[METRICS],FedAvg_LR0.0005,58,1.377534,0.8360,0.8403,20,2748.3
[METRICS],FedAvg_LR0.0005,59,0.740216,0.8389,0.8403,21,2793.7
[METRICS],FedAvg_LR0.0005,60,1.452096,0.8360,0.8403,22,2839.2
[METRICS],FedAvg_LR0.0005,61,0.772594,0.8381,0.8403,23,2884.7
[METRICS],FedAvg_LR0.0005,62,1.456002,0.8359,0.8403,24,2930.2
[METRICS],FedAvg_LR0.0005,63,0.848055,0.8379,0.8403,25,2975.8
[METRICS],FedAvg_LR0.0005,64,1.432801,0.8361,0.8403,26,3021.3
[METRICS],FedAvg_LR0.0005,65,0.905663,0.8382,0.8403,27,3066.8
[METRICS],FedAvg_LR0.0005,66,1.256410,0.8359,0.8403,28,3112.3
[METRICS],FedAvg_LR0.0005,67,0.673876,0.8410,0.8410,0,3157.8
[METRICS],FedAvg_LR0.0005,68,1.272381,0.8359,0.8410,1,3203.5
[METRICS],FedAvg_LR0.0005,69,0.744468,0.8391,0.8410,2,3248.9
[METRICS],FedAvg_LR0.0005,70,1.459538,0.8359,0.8410,3,3294.4
[METRICS],FedAvg_LR0.0005,71,0.788100,0.8372,0.8410,4,3340.0
[METRICS],FedAvg_LR0.0005,72,1.474212,0.8359,0.8410,5,3385.5
[METRICS],FedAvg_LR0.0005,73,0.664545,0.8403,0.8410,6,3430.9
[METRICS],FedAvg_LR0.0005,74,1.495109,0.8359,0.8410,7,3476.5
[METRICS],FedAvg_LR0.0005,75,0.746360,0.8410,0.8410,8,3522.0
[METRICS],FedAvg_LR0.0005,76,1.475487,0.8360,0.8410,9,3567.4
[METRICS],FedAvg_LR0.0005,77,0.753170,0.8381,0.8410,10,3612.8
[METRICS],FedAvg_LR0.0005,78,1.498219,0.8360,0.8410,11,3658.4
[METRICS],FedAvg_LR0.0005,79,0.661904,0.8414,0.8410,12,3703.8
[METRICS],FedAvg_LR0.0005,80,1.487462,0.8360,0.8410,13,3749.3
[METRICS],FedAvg_LR0.0005,81,0.988677,0.8375,0.8410,14,3795.1
[METRICS],FedAvg_LR0.0005,82,1.181651,0.8360,0.8410,15,3840.7
[METRICS],FedAvg_LR0.0005,83,0.868278,0.8363,0.8410,16,3886.4
[METRICS],FedAvg_LR0.0005,84,1.512410,0.8360,0.8410,17,3931.8
[METRICS],FedAvg_LR0.0005,85,0.710341,0.8386,0.8410,18,3977.5
[METRICS],FedAvg_LR0.0005,86,1.516173,0.8359,0.8410,19,4023.9
[METRICS],FedAvg_LR0.0005,87,0.818447,0.8361,0.8410,20,4069.8
[METRICS],FedAvg_LR0.0005,88,1.485002,0.8360,0.8410,21,4116.1
[METRICS],FedAvg_LR0.0005,89,0.745554,0.8379,0.8410,22,4162.2
[METRICS],FedAvg_LR0.0005,90,1.513702,0.8360,0.8410,23,4208.4
[METRICS],FedAvg_LR0.0005,91,0.623061,0.8419,0.8419,0,4254.8
[METRICS],FedAvg_LR0.0005,92,1.517805,0.8360,0.8419,1,4301.0
[METRICS],FedAvg_LR0.0005,93,0.769413,0.8365,0.8419,2,4347.1
[METRICS],FedAvg_LR0.0005,94,1.515715,0.8360,0.8419,3,4393.7
[METRICS],FedAvg_LR0.0005,95,0.886970,0.8378,0.8419,4,4439.8
[METRICS],FedAvg_LR0.0005,96,1.526389,0.8360,0.8419,5,4485.8
[METRICS],FedAvg_LR0.0005,97,0.827371,0.8361,0.8419,6,4532.0
[METRICS],FedAvg_LR0.0005,98,1.539737,0.8360,0.8419,7,4577.5
[METRICS],FedAvg_LR0.0005,99,0.839408,0.8378,0.8419,8,4623.1
[METRICS],FedAvg_LR0.0005,100,1.498863,0.8360,0.8419,9,4668.7
[METRICS],FedAvg_LR0.0005,101,0.733405,0.8380,0.8419,10,4714.4
[METRICS],FedAvg_LR0.0005,102,1.538243,0.8359,0.8419,11,4759.9
[METRICS],FedAvg_LR0.0005,103,0.661666,0.8402,0.8419,12,4805.4
[METRICS],FedAvg_LR0.0005,104,1.525040,0.8360,0.8419,13,4851.0
[METRICS],FedAvg_LR0.0005,105,1.040715,0.8360,0.8419,14,4896.5
[METRICS],FedAvg_LR0.0005,106,1.125049,0.8364,0.8419,15,4942.1
[METRICS],FedAvg_LR0.0005,107,1.197897,0.8361,0.8419,16,4987.5
[METRICS],FedAvg_LR0.0005,108,0.922303,0.8396,0.8419,17,5033.0
[METRICS],FedAvg_LR0.0005,109,1.355651,0.8360,0.8419,18,5078.6
[METRICS],FedAvg_LR0.0005,110,0.750997,0.8399,0.8419,19,5124.1
[METRICS],FedAvg_LR0.0005,111,1.525989,0.8361,0.8419,20,5169.8
[METRICS],FedAvg_LR0.0005,112,1.040915,0.8361,0.8419,21,5215.6
[METRICS],FedAvg_LR0.0005,113,1.154034,0.8366,0.8419,22,5261.2
[METRICS],FedAvg_LR0.0005,114,1.517130,0.8360,0.8419,23,5306.7
[METRICS],FedAvg_LR0.0005,115,0.714951,0.8410,0.8419,24,5352.4
[METRICS],FedAvg_LR0.0005,116,1.568010,0.8360,0.8419,25,5398.1
[METRICS],FedAvg_LR0.0005,117,0.840636,0.8382,0.8419,26,5443.9
[METRICS],FedAvg_LR0.0005,118,1.543374,0.8362,0.8419,27,5489.4
[METRICS],FedAvg_LR0.0005,119,1.116331,0.8363,0.8419,28,5535.1
[METRICS],FedAvg_LR0.0005,120,1.383024,0.8362,0.8419,29,5580.7
[METRICS],FedAvg_LR0.0005,121,0.975040,0.8367,0.8419,30,5626.6
[METRICS],FedAvg_LR0.001,1,0.571451,0.8359,0.8359,0,150.5
[METRICS],FedAvg_LR0.001,2,0.635101,0.8359,0.8359,1,195.8
[METRICS],FedAvg_LR0.001,3,0.667647,0.8359,0.8359,2,241.3
[METRICS],FedAvg_LR0.001,4,0.709996,0.8359,0.8359,3,287.0
[METRICS],FedAvg_LR0.001,5,0.733900,0.8359,0.8359,4,332.5
[METRICS],FedAvg_LR0.001,6,0.812933,0.8359,0.8359,5,378.0
[METRICS],FedAvg_LR0.001,7,0.873163,0.8360,0.8359,6,423.5
[METRICS],FedAvg_LR0.001,8,0.870604,0.8363,0.8359,7,468.9
[METRICS],FedAvg_LR0.001,9,0.957487,0.8362,0.8359,8,514.5
[METRICS],FedAvg_LR0.001,10,0.966619,0.8361,0.8359,9,560.0
[METRICS],FedAvg_LR0.001,11,1.002622,0.8362,0.8359,10,605.5
[METRICS],FedAvg_LR0.001,12,0.972073,0.8364,0.8359,11,651.1
[METRICS],FedAvg_LR0.001,13,1.069056,0.8365,0.8365,0,696.8
[METRICS],FedAvg_LR0.001,14,0.915145,0.8366,0.8365,1,742.5
[METRICS],FedAvg_LR0.001,15,1.098176,0.8362,0.8365,2,788.0
[METRICS],FedAvg_LR0.001,16,1.014063,0.8365,0.8365,3,833.6
[METRICS],FedAvg_LR0.001,17,0.901598,0.8366,0.8365,4,878.9
[METRICS],FedAvg_LR0.001,18,0.971017,0.8366,0.8365,5,924.5
[METRICS],FedAvg_LR0.001,19,0.861789,0.8368,0.8365,6,970.8
[METRICS],FedAvg_LR0.001,20,0.967871,0.8362,0.8365,7,1016.8
[METRICS],FedAvg_LR0.001,21,1.003052,0.8363,0.8365,8,1063.3
[METRICS],FedAvg_LR0.001,22,0.913011,0.8362,0.8365,9,1109.3
[METRICS],FedAvg_LR0.001,23,1.043276,0.8363,0.8365,10,1155.2
[METRICS],FedAvg_LR0.001,24,1.077281,0.8362,0.8365,11,1201.1
[METRICS],FedAvg_LR0.001,25,0.888006,0.8367,0.8365,12,1247.2
[METRICS],FedAvg_LR0.001,26,1.208114,0.8361,0.8365,13,1293.6
[METRICS],FedAvg_LR0.001,27,0.853327,0.8369,0.8365,14,1340.2
[METRICS],FedAvg_LR0.001,28,1.115825,0.8366,0.8365,15,1386.4
[METRICS],FedAvg_LR0.001,29,0.797528,0.8379,0.8379,0,1432.5
[METRICS],FedAvg_LR0.001,30,1.186136,0.8364,0.8379,1,1478.9
[METRICS],FedAvg_LR0.001,31,0.727675,0.8387,0.8387,0,1524.8
[METRICS],FedAvg_LR0.001,32,1.192297,0.8362,0.8387,1,1570.2
[METRICS],FedAvg_LR0.001,33,0.937436,0.8371,0.8387,2,1615.3
[METRICS],FedAvg_LR0.001,34,1.114348,0.8374,0.8387,3,1660.5
[METRICS],FedAvg_LR0.001,35,0.979735,0.8371,0.8387,4,1705.7
[METRICS],FedAvg_LR0.001,36,1.108061,0.8369,0.8387,5,1750.9
[METRICS],FedAvg_LR0.001,37,0.975143,0.8371,0.8387,6,1796.3
[METRICS],FedAvg_LR0.001,38,1.263921,0.8363,0.8387,7,1841.4
[METRICS],FedAvg_LR0.001,39,0.726904,0.8372,0.8387,8,1886.6
[METRICS],FedAvg_LR0.001,40,1.250635,0.8365,0.8387,9,1932.0
[METRICS],FedAvg_LR0.001,41,0.910193,0.8375,0.8387,10,1977.3
[METRICS],FedAvg_LR0.001,42,1.081999,0.8369,0.8387,11,2022.6
[METRICS],FedAvg_LR0.001,43,1.187007,0.8374,0.8387,12,2067.9
[METRICS],FedAvg_LR0.001,44,0.880981,0.8368,0.8387,13,2113.3
[METRICS],FedAvg_LR0.001,45,1.313017,0.8363,0.8387,14,2158.5
[METRICS],FedAvg_LR0.001,46,0.993805,0.8373,0.8387,15,2203.7
[METRICS],FedAvg_LR0.001,47,1.226149,0.8372,0.8387,16,2248.9
[METRICS],FedAvg_LR0.001,48,0.739494,0.8372,0.8387,17,2294.2
[METRICS],FedAvg_LR0.001,49,1.364134,0.8362,0.8387,18,2339.3
[METRICS],FedAvg_LR0.001,50,0.680056,0.8379,0.8387,19,2384.9
[METRICS],FedAvg_LR0.001,51,1.252024,0.8362,0.8387,20,2430.2
[METRICS],FedAvg_LR0.001,52,1.104685,0.8368,0.8387,21,2475.4
[METRICS],FedAvg_LR0.001,53,1.343390,0.8365,0.8387,22,2520.7
[METRICS],FedAvg_LR0.001,54,1.229888,0.8363,0.8387,23,2566.0
[METRICS],FedAvg_LR0.001,55,1.009519,0.8373,0.8387,24,2611.2
[METRICS],FedAvg_LR0.001,56,1.352330,0.8362,0.8387,25,2656.5
[METRICS],FedAvg_LR0.001,57,0.938957,0.8375,0.8387,26,2701.6
[METRICS],FedAvg_LR0.001,58,1.258549,0.8376,0.8387,27,2746.7
[METRICS],FedAvg_LR0.001,59,1.068351,0.8364,0.8387,28,2791.8
[METRICS],FedAvg_LR0.001,60,1.147232,0.8371,0.8387,29,2836.9
[METRICS],FedAvg_LR0.001,61,1.134920,0.8363,0.8387,30,2882.1
[METRICS],FedAvg_LR0.005,1,0.240920,0.9676,0.9676,0,94.6
[METRICS],FedAvg_LR0.005,2,0.249161,0.9676,0.9676,1,184.1
[METRICS],FedAvg_LR0.005,3,0.250209,0.9676,0.9676,2,273.5
[METRICS],FedAvg_LR0.005,4,0.251718,0.9676,0.9676,3,362.5
[METRICS],FedAvg_LR0.005,5,0.250946,0.9676,0.9676,4,451.3
[METRICS],FedAvg_LR0.005,6,0.253134,0.9676,0.9676,5,540.2
[METRICS],FedAvg_LR0.005,7,0.255576,0.9676,0.9676,6,629.7
[METRICS],FedAvg_LR0.005,8,0.251784,0.9676,0.9676,7,718.8
[METRICS],FedAvg_LR0.005,9,0.258072,0.9676,0.9676,8,808.0
[METRICS],FedAvg_LR0.005,10,0.262028,0.9676,0.9676,9,897.3
[METRICS],FedAvg_LR0.005,11,0.248788,0.9676,0.9676,10,986.2
[METRICS],FedAvg_LR0.005,12,0.272032,0.9676,0.9676,11,1075.8
[METRICS],FedAvg_LR0.005,13,0.276830,0.9676,0.9676,12,1165.0
[METRICS],FedAvg_LR0.005,14,0.258484,0.9676,0.9676,13,1253.9
[METRICS],FedAvg_LR0.005,15,0.304738,0.9676,0.9676,14,1342.7
[METRICS],FedAvg_LR0.005,16,0.288962,0.9676,0.9676,15,1431.8
[METRICS],FedAvg_LR0.005,17,0.301679,0.9676,0.9676,16,1521.4
[METRICS],FedAvg_LR0.005,18,0.296467,0.9676,0.9676,17,1610.7
[METRICS],FedAvg_LR0.005,19,0.294663,0.9676,0.9676,18,1699.7
[METRICS],FedAvg_LR0.005,20,0.305340,0.9676,0.9676,19,1788.8
[METRICS],FedAvg_LR0.005,21,0.275822,0.9676,0.9676,20,1877.5
[METRICS],FedAvg_LR0.005,22,0.326693,0.9676,0.9676,21,1966.9
[METRICS],FedAvg_LR0.005,23,0.280405,0.9676,0.9676,22,2055.8
[METRICS],FedAvg_LR0.005,24,0.328759,0.9676,0.9676,23,2145.0
[METRICS],FedAvg_LR0.005,25,0.278912,0.9676,0.9676,24,2234.5
[METRICS],FedAvg_LR0.005,26,0.325559,0.9676,0.9676,25,2323.1
[METRICS],FedAvg_LR0.005,27,0.260764,0.9676,0.9676,26,2411.5
[METRICS],FedAvg_LR0.005,28,0.323179,0.9676,0.9676,27,2500.4
[METRICS],FedAvg_LR0.005,29,0.308625,0.9676,0.9676,28,2589.5
[METRICS],FedAvg_LR0.005,30,0.303177,0.9676,0.9676,29,2678.3
[METRICS],FedAvg_LR0.005,31,0.310785,0.9676,0.9676,30,2767.3
[METRICS],FedAvg_LR0.01,1,0.253155,0.9676,0.9676,0,94.0
[METRICS],FedAvg_LR0.01,2,0.256154,0.9676,0.9676,1,183.1
[METRICS],FedAvg_LR0.01,3,0.252574,0.9676,0.9676,2,272.5
[METRICS],FedAvg_LR0.01,4,0.255595,0.9676,0.9676,3,360.8
[METRICS],FedAvg_LR0.01,5,0.247837,0.9676,0.9676,4,449.8
[METRICS],FedAvg_LR0.01,6,0.227006,0.9676,0.9676,5,538.4
[METRICS],FedAvg_LR0.01,7,0.251825,0.9676,0.9676,6,627.2
[METRICS],FedAvg_LR0.01,8,0.222179,0.9676,0.9676,7,716.3
[METRICS],FedAvg_LR0.01,9,0.232450,0.9676,0.9676,8,805.3
[METRICS],FedAvg_LR0.01,10,0.221339,0.9676,0.9676,9,894.5
[METRICS],FedAvg_LR0.01,11,0.271937,0.9676,0.9676,10,983.1
[METRICS],FedAvg_LR0.01,12,0.219864,0.9676,0.9676,11,1072.2
[METRICS],FedAvg_LR0.01,13,0.321678,0.9676,0.9676,12,1160.5
[METRICS],FedAvg_LR0.01,14,0.212441,0.9676,0.9676,13,1248.4
[METRICS],FedAvg_LR0.01,15,0.313006,0.9676,0.9676,14,1337.7
[METRICS],FedAvg_LR0.01,16,0.235900,0.9676,0.9676,15,1427.0
[METRICS],FedAvg_LR0.01,17,0.298814,0.9676,0.9676,16,1516.8
[METRICS],FedAvg_LR0.01,18,0.259522,0.9676,0.9676,17,1605.2
[METRICS],FedAvg_LR0.01,19,0.255942,0.9676,0.9676,18,1694.0
[METRICS],FedAvg_LR0.01,20,0.230950,0.9676,0.9676,19,1781.8
[METRICS],FedAvg_LR0.01,21,0.324206,0.9676,0.9676,20,1870.4
[METRICS],FedAvg_LR0.01,22,0.306388,0.9676,0.9676,21,1959.1
[METRICS],FedAvg_LR0.01,23,0.315211,0.9676,0.9676,22,2048.4
[METRICS],FedAvg_LR0.01,24,0.299023,0.9676,0.9676,23,2137.4
[METRICS],FedAvg_LR0.01,25,0.300243,0.9676,0.9676,24,2226.6
[METRICS],FedAvg_LR0.01,26,0.290205,0.9676,0.9676,25,2315.2
[METRICS],FedAvg_LR0.01,27,0.323987,0.9676,0.9676,26,2403.7
[METRICS],FedAvg_LR0.01,28,0.254426,0.9676,0.9676,27,2492.6
[METRICS],FedAvg_LR0.01,29,0.327992,0.9676,0.9676,28,2582.0
[METRICS],FedAvg_LR0.01,30,0.315855,0.9676,0.9676,29,2671.4
[METRICS],FedAvg_LR0.01,31,0.206867,0.9675,0.9676,30,2760.7
[METRICS],FedAvg_Decay_0.995,1,0.181070,0.9676,0.9676,0,113.9
[METRICS],FedAvg_Decay_0.995,2,0.203847,0.9676,0.9676,1,202.6
[METRICS],FedAvg_Decay_0.995,3,0.213009,0.9676,0.9676,2,291.7
[METRICS],FedAvg_Decay_0.995,4,0.217551,0.9676,0.9676,3,380.3
[METRICS],FedAvg_Decay_0.995,5,0.220218,0.9676,0.9676,4,468.8
[METRICS],FedAvg_Decay_0.995,6,0.221700,0.9676,0.9676,5,556.8
[METRICS],FedAvg_Decay_0.995,7,0.224175,0.9676,0.9676,6,645.2
[METRICS],FedAvg_Decay_0.995,8,0.226121,0.9676,0.9676,7,733.0
[METRICS],FedAvg_Decay_0.995,9,0.229265,0.9676,0.9676,8,820.9
[METRICS],FedAvg_Decay_0.995,10,0.231954,0.9676,0.9676,9,909.6
[METRICS],FedAvg_Decay_0.995,11,0.235704,0.9676,0.9676,10,997.5
[METRICS],FedAvg_Decay_0.995,12,0.240211,0.9676,0.9676,11,1085.5
[METRICS],FedAvg_Decay_0.995,13,0.243375,0.9676,0.9676,12,1174.1
[METRICS],FedAvg_Decay_0.995,14,0.246843,0.9676,0.9676,13,1263.2
[METRICS],FedAvg_Decay_0.995,15,0.250395,0.9676,0.9676,14,1350.9
[METRICS],FedAvg_Decay_0.995,16,0.253961,0.9676,0.9676,15,1439.0
[METRICS],FedAvg_Decay_0.995,17,0.260264,0.9676,0.9676,16,1527.3
[METRICS],FedAvg_Decay_0.995,18,0.266430,0.9676,0.9676,17,1616.2
[METRICS],FedAvg_Decay_0.995,19,0.269692,0.9676,0.9676,18,1704.6
[METRICS],FedAvg_Decay_0.995,20,0.278492,0.9676,0.9676,19,1792.3
[METRICS],FedAvg_Decay_0.995,21,0.280848,0.9676,0.9676,20,1879.3
[METRICS],FedAvg_Decay_0.995,22,0.287636,0.9676,0.9676,21,1968.1
[METRICS],FedAvg_Decay_0.995,23,0.291134,0.9676,0.9676,22,2056.5
[METRICS],FedAvg_Decay_0.995,24,0.293853,0.9676,0.9676,23,2144.9
[METRICS],FedAvg_Decay_0.995,25,0.299631,0.9676,0.9676,24,2232.1
[METRICS],FedAvg_Decay_0.995,26,0.290412,0.9676,0.9676,25,2319.9
[METRICS],FedAvg_Decay_0.995,27,0.307646,0.9676,0.9676,26,2407.8
[METRICS],FedAvg_Decay_0.995,28,0.308768,0.9676,0.9676,27,2496.8
[METRICS],FedAvg_Decay_0.995,29,0.310655,0.9676,0.9676,28,2585.0
[METRICS],FedAvg_Decay_0.995,30,0.312561,0.9676,0.9676,29,2673.6
[METRICS],FedAvg_Decay_0.995,31,0.311823,0.9676,0.9676,30,2762.6
[METRICS],FedAvg_Decay_0.99,1,0.176886,0.9676,0.9676,0,152.8
[METRICS],FedAvg_Decay_0.99,2,0.198782,0.9676,0.9676,1,240.8
[METRICS],FedAvg_Decay_0.99,3,0.208851,0.9676,0.9676,2,328.7
[METRICS],FedAvg_Decay_0.99,4,0.213452,0.9676,0.9676,3,417.3
[METRICS],FedAvg_Decay_0.99,5,0.216421,0.9676,0.9676,4,505.7
[METRICS],FedAvg_Decay_0.99,6,0.218501,0.9676,0.9676,5,592.1
[METRICS],FedAvg_Decay_0.99,7,0.222329,0.9676,0.9676,6,680.3
[METRICS],FedAvg_Decay_0.99,8,0.225314,0.9676,0.9676,7,767.2
[METRICS],FedAvg_Decay_0.99,9,0.228290,0.9676,0.9676,8,854.8
[METRICS],FedAvg_Decay_0.99,10,0.234377,0.9676,0.9676,9,943.1
[METRICS],FedAvg_Decay_0.99,11,0.237880,0.9676,0.9676,10,1031.8
[METRICS],FedAvg_Decay_0.99,12,0.242776,0.9676,0.9676,11,1120.9
[METRICS],FedAvg_Decay_0.99,13,0.246165,0.9676,0.9676,12,1208.6
[METRICS],FedAvg_Decay_0.99,14,0.252947,0.9676,0.9676,13,1296.2
[METRICS],FedAvg_Decay_0.99,15,0.259300,0.9676,0.9676,14,1385.1
[METRICS],FedAvg_Decay_0.99,16,0.262473,0.9676,0.9676,15,1472.7
[METRICS],FedAvg_Decay_0.99,17,0.266740,0.9676,0.9676,16,1561.5
[METRICS],FedAvg_Decay_0.99,18,0.269785,0.9676,0.9676,17,1648.9
[METRICS],FedAvg_Decay_0.99,19,0.273969,0.9676,0.9676,18,1737.4
[METRICS],FedAvg_Decay_0.99,20,0.277001,0.9676,0.9676,19,1825.1
[METRICS],FedAvg_Decay_0.99,21,0.282684,0.9676,0.9676,20,1912.8
[METRICS],FedAvg_Decay_0.99,22,0.286071,0.9676,0.9676,21,2000.8
[METRICS],FedAvg_Decay_0.99,23,0.284943,0.9676,0.9676,22,2088.8
[METRICS],FedAvg_Decay_0.99,24,0.293781,0.9676,0.9676,23,2177.3
[METRICS],FedAvg_Decay_0.99,25,0.295531,0.9676,0.9676,24,2264.7
[METRICS],FedAvg_Decay_0.99,26,0.298518,0.9676,0.9676,25,2353.0
[METRICS],FedAvg_Decay_0.99,27,0.297711,0.9676,0.9676,26,2440.9
[METRICS],FedAvg_Decay_0.99,28,0.299248,0.9676,0.9676,27,2529.4
[METRICS],FedAvg_Decay_0.99,29,0.304006,0.9676,0.9676,28,2617.7
[METRICS],FedAvg_Decay_0.99,30,0.303271,0.9676,0.9676,29,2705.6
[METRICS],FedAvg_Decay_0.99,31,0.304869,0.9676,0.9676,30,2793.9
[METRICS],FedAvg_Decay_0.95,1,0.180730,0.9676,0.9676,0,192.9
[METRICS],FedAvg_Decay_0.95,2,0.202208,0.9676,0.9676,1,281.3
[METRICS],FedAvg_Decay_0.95,3,0.211182,0.9676,0.9676,2,370.2
[METRICS],FedAvg_Decay_0.95,4,0.215539,0.9676,0.9676,3,458.8
[METRICS],FedAvg_Decay_0.95,5,0.217767,0.9676,0.9676,4,546.9
[METRICS],FedAvg_Decay_0.95,6,0.219770,0.9676,0.9676,5,635.4
[METRICS],FedAvg_Decay_0.95,7,0.220539,0.9676,0.9676,6,724.8
[METRICS],FedAvg_Decay_0.95,8,0.222271,0.9676,0.9676,7,814.0
[METRICS],FedAvg_Decay_0.95,9,0.224137,0.9676,0.9676,8,902.8
[METRICS],FedAvg_Decay_0.95,10,0.225477,0.9676,0.9676,9,991.7
[METRICS],FedAvg_Decay_0.95,11,0.226961,0.9676,0.9676,10,1081.2
[METRICS],FedAvg_Decay_0.95,12,0.229709,0.9676,0.9676,11,1170.6
[METRICS],FedAvg_Decay_0.95,13,0.231612,0.9676,0.9676,12,1259.3
[METRICS],FedAvg_Decay_0.95,14,0.234496,0.9676,0.9676,13,1348.2
[METRICS],FedAvg_Decay_0.95,15,0.237244,0.9676,0.9676,14,1437.2
[METRICS],FedAvg_Decay_0.95,16,0.239805,0.9676,0.9676,15,1526.7
[METRICS],FedAvg_Decay_0.95,17,0.243400,0.9676,0.9676,16,1615.4
[METRICS],FedAvg_Decay_0.95,18,0.245920,0.9676,0.9676,17,1704.0
[METRICS],FedAvg_Decay_0.95,19,0.249182,0.9676,0.9676,18,1792.3
[METRICS],FedAvg_Decay_0.95,20,0.251902,0.9676,0.9676,19,1879.4
[METRICS],FedAvg_Decay_0.95,21,0.254950,0.9676,0.9676,20,1968.5
[METRICS],FedAvg_Decay_0.95,22,0.257292,0.9676,0.9676,21,2057.4
[METRICS],FedAvg_Decay_0.95,23,0.260966,0.9676,0.9676,22,2147.1
[METRICS],FedAvg_Decay_0.95,24,0.262922,0.9676,0.9676,23,2236.1
[METRICS],FedAvg_Decay_0.95,25,0.265497,0.9676,0.9676,24,2324.8
[METRICS],FedAvg_Decay_0.95,26,0.268140,0.9676,0.9676,25,2413.4
[METRICS],FedAvg_Decay_0.95,27,0.270124,0.9676,0.9676,26,2502.6
[METRICS],FedAvg_Decay_0.95,28,0.272371,0.9676,0.9676,27,2591.3
[METRICS],FedAvg_Decay_0.95,29,0.274183,0.9676,0.9676,28,2680.5
[METRICS],FedAvg_Decay_0.95,30,0.275433,0.9676,0.9676,29,2769.9
[METRICS],FedAvg_Decay_0.95,31,0.277905,0.9676,0.9676,30,2858.4
[METRICS],FedAvg_Mom_0.5,1,0.182908,0.9676,0.9676,0,192.9
[METRICS],FedAvg_Mom_0.5,2,0.164335,0.9676,0.9676,1,280.6
[METRICS],FedAvg_Mom_0.5,3,0.170685,0.9676,0.9676,2,368.3
[METRICS],FedAvg_Mom_0.5,4,0.177321,0.9676,0.9676,3,456.4
[METRICS],FedAvg_Mom_0.5,5,0.182422,0.9676,0.9676,4,544.8
[METRICS],FedAvg_Mom_0.5,6,0.185875,0.9676,0.9676,5,633.4
[METRICS],FedAvg_Mom_0.5,7,0.188653,0.9676,0.9676,6,721.2
[METRICS],FedAvg_Mom_0.5,8,0.191214,0.9676,0.9676,7,808.8
[METRICS],FedAvg_Mom_0.5,9,0.193587,0.9676,0.9676,8,897.0
[METRICS],FedAvg_Mom_0.5,10,0.195635,0.9676,0.9676,9,986.5
[METRICS],FedAvg_Mom_0.5,11,0.197791,0.9676,0.9676,10,1076.2
[METRICS],FedAvg_Mom_0.5,12,0.200216,0.9676,0.9676,11,1165.8
[METRICS],FedAvg_Mom_0.5,13,0.201856,0.9676,0.9676,12,1255.5
[METRICS],FedAvg_Mom_0.5,14,0.203555,0.9676,0.9676,13,1345.1
[METRICS],FedAvg_Mom_0.5,15,0.205771,0.9676,0.9676,14,1434.8
[METRICS],FedAvg_Mom_0.5,16,0.207501,0.9676,0.9676,15,1524.7
[METRICS],FedAvg_Mom_0.5,17,0.209342,0.9676,0.9676,16,1614.3
[METRICS],FedAvg_Mom_0.5,18,0.210466,0.9676,0.9676,17,1704.2
[METRICS],FedAvg_Mom_0.5,19,0.212158,0.9676,0.9676,18,1794.0
[METRICS],FedAvg_Mom_0.5,20,0.213814,0.9676,0.9676,19,1884.0
[METRICS],FedAvg_Mom_0.5,21,0.214123,0.9676,0.9676,20,1973.9
[METRICS],FedAvg_Mom_0.5,22,0.214877,0.9676,0.9676,21,2063.7
[METRICS],FedAvg_Mom_0.5,23,0.215723,0.9676,0.9676,22,2153.8
[METRICS],FedAvg_Mom_0.5,24,0.217200,0.9676,0.9676,23,2243.5
[METRICS],FedAvg_Mom_0.5,25,0.218672,0.9676,0.9676,24,2332.9
[METRICS],FedAvg_Mom_0.5,26,0.219440,0.9676,0.9676,25,2422.9
[METRICS],FedAvg_Mom_0.5,27,0.220948,0.9676,0.9676,26,2512.8
[METRICS],FedAvg_Mom_0.5,28,0.222099,0.9676,0.9676,27,2602.1
[METRICS],FedAvg_Mom_0.5,29,0.222945,0.9676,0.9676,28,2691.3
[METRICS],FedAvg_Mom_0.5,30,0.223320,0.9676,0.9676,29,2780.6
[METRICS],FedAvg_Mom_0.5,31,0.224928,0.9676,0.9676,30,2870.3
[METRICS],FedAvg_Mom_0.9,1,0.177704,0.9676,0.9676,0,194.4
[METRICS],FedAvg_Mom_0.9,2,0.200491,0.9676,0.9676,1,283.6
[METRICS],FedAvg_Mom_0.9,3,0.211112,0.9676,0.9676,2,372.8
[METRICS],FedAvg_Mom_0.9,4,0.217093,0.9676,0.9676,3,462.3
[METRICS],FedAvg_Mom_0.9,5,0.220840,0.9676,0.9676,4,551.7
[METRICS],FedAvg_Mom_0.9,6,0.223481,0.9676,0.9676,5,640.4
[METRICS],FedAvg_Mom_0.9,7,0.226408,0.9676,0.9676,6,729.2
[METRICS],FedAvg_Mom_0.9,8,0.228780,0.9676,0.9676,7,818.1
[METRICS],FedAvg_Mom_0.9,9,0.232461,0.9676,0.9676,8,907.3
[METRICS],FedAvg_Mom_0.9,10,0.238607,0.9676,0.9676,9,996.7
[METRICS],FedAvg_Mom_0.9,11,0.242107,0.9676,0.9676,10,1084.9
[METRICS],FedAvg_Mom_0.9,12,0.245340,0.9676,0.9676,11,1173.4
[METRICS],FedAvg_Mom_0.9,13,0.251957,0.9676,0.9676,12,1262.5
[METRICS],FedAvg_Mom_0.9,14,0.256786,0.9676,0.9676,13,1351.4
[METRICS],FedAvg_Mom_0.9,15,0.261381,0.9676,0.9676,14,1442.0
[METRICS],FedAvg_Mom_0.9,16,0.267992,0.9676,0.9676,15,1532.2
[METRICS],FedAvg_Mom_0.9,17,0.270045,0.9676,0.9676,16,1623.8
[METRICS],FedAvg_Mom_0.9,18,0.277618,0.9676,0.9676,17,1714.0
[METRICS],FedAvg_Mom_0.9,19,0.278642,0.9676,0.9676,18,1803.6
[METRICS],FedAvg_Mom_0.9,20,0.282974,0.9676,0.9676,19,1893.1
[METRICS],FedAvg_Mom_0.9,21,0.281729,0.9676,0.9676,20,1982.4
[METRICS],FedAvg_Mom_0.9,22,0.285140,0.9676,0.9676,21,2072.0
[METRICS],FedAvg_Mom_0.9,23,0.289367,0.9676,0.9676,22,2160.2
[METRICS],FedAvg_Mom_0.9,24,0.287558,0.9676,0.9676,23,2249.9
[METRICS],FedAvg_Mom_0.9,25,0.290754,0.9676,0.9676,24,2339.4
[METRICS],FedAvg_Mom_0.9,26,0.296640,0.9676,0.9676,25,2429.5
[METRICS],FedAvg_Mom_0.9,27,0.288057,0.9676,0.9676,26,2519.3
[METRICS],FedAvg_Mom_0.9,28,0.294983,0.9676,0.9676,27,2607.5
[METRICS],FedAvg_Mom_0.9,29,0.293470,0.9676,0.9676,28,2697.8
[METRICS],FedAvg_Mom_0.9,30,0.296314,0.9676,0.9676,29,2787.8
[METRICS],FedAvg_Mom_0.9,31,0.294149,0.9676,0.9676,30,2877.8
[METRICS],FedAvg_Mom_0.99,1,0.267407,0.9676,0.9676,0,194.6
[METRICS],FedAvg_Mom_0.99,2,0.220535,0.9676,0.9676,1,282.2
[METRICS],FedAvg_Mom_0.99,3,0.203084,0.9676,0.9676,2,370.0
[METRICS],FedAvg_Mom_0.99,4,0.199800,0.9676,0.9676,3,458.2
[METRICS],FedAvg_Mom_0.99,5,0.186879,0.9676,0.9676,4,545.9
[METRICS],FedAvg_Mom_0.99,6,0.203350,0.9676,0.9676,5,634.9
[METRICS],FedAvg_Mom_0.99,7,0.165674,0.9676,0.9676,6,723.7
[METRICS],FedAvg_Mom_0.99,8,0.273429,0.9676,0.9676,7,812.1
[METRICS],FedAvg_Mom_0.99,9,0.147792,0.9676,0.9676,8,900.9
[METRICS],FedAvg_Mom_0.99,10,0.280350,0.9676,0.9676,9,989.7
[METRICS],FedAvg_Mom_0.99,11,0.142742,0.9676,0.9676,10,1078.8
[METRICS],FedAvg_Mom_0.99,12,0.294293,0.9676,0.9676,11,1167.6
[METRICS],FedAvg_Mom_0.99,13,0.143220,0.9676,0.9676,12,1256.6
[METRICS],FedAvg_Mom_0.99,14,0.327990,0.9676,0.9676,13,1345.3
[METRICS],FedAvg_Mom_0.99,15,0.141386,0.9676,0.9676,14,1433.4
[METRICS],FedAvg_Mom_0.99,16,0.277000,0.9676,0.9676,15,1521.9
[METRICS],FedAvg_Mom_0.99,17,0.144615,0.9676,0.9676,16,1610.4
[METRICS],FedAvg_Mom_0.99,18,0.254650,0.9676,0.9676,17,1699.4
[METRICS],FedAvg_Mom_0.99,19,0.141564,0.9676,0.9676,18,1788.9
[METRICS],FedAvg_Mom_0.99,20,0.332310,0.9676,0.9676,19,1878.5
[METRICS],FedAvg_Mom_0.99,21,0.139185,0.9676,0.9676,20,1966.4
[METRICS],FedAvg_Mom_0.99,22,0.311571,0.9676,0.9676,21,2055.5
[METRICS],FedAvg_Mom_0.99,23,0.144565,0.9676,0.9676,22,2144.6
[METRICS],FedAvg_Mom_0.99,24,0.253952,0.9676,0.9676,23,2233.4
[METRICS],FedAvg_Mom_0.99,25,0.140216,0.9676,0.9676,24,2321.5
[METRICS],FedAvg_Mom_0.99,26,0.329127,0.9676,0.9676,25,2409.7
[METRICS],FedAvg_Mom_0.99,27,0.139264,0.9676,0.9676,26,2498.6
[METRICS],FedAvg_Mom_0.99,28,0.291708,0.9676,0.9676,27,2587.8
[METRICS],FedAvg_Mom_0.99,29,0.140802,0.9676,0.9676,28,2676.6
[METRICS],FedAvg_Mom_0.99,30,0.291340,0.9676,0.9676,29,2765.5
[METRICS],FedAvg_Mom_0.99,31,0.138512,0.9676,0.9676,30,2855.1
[METRICS],FedAvg_Alpha_0.1,1,0.044850,0.9996,0.9996,0,26.6
[METRICS],FedAvg_Alpha_0.1,2,0.014352,0.9996,0.9996,1,47.3
[METRICS],FedAvg_Alpha_0.1,3,0.008401,0.9996,0.9996,2,67.8
[METRICS],FedAvg_Alpha_0.1,4,0.006329,0.9996,0.9996,3,88.5
[METRICS],FedAvg_Alpha_0.1,5,0.005295,0.9996,0.9996,4,109.0
[METRICS],FedAvg_Alpha_0.1,6,0.004750,0.9996,0.9996,5,129.5
[METRICS],FedAvg_Alpha_0.1,7,0.004418,0.9996,0.9996,6,150.1
[METRICS],FedAvg_Alpha_0.1,8,0.004197,0.9996,0.9996,7,170.7
[METRICS],FedAvg_Alpha_0.1,9,0.004050,0.9996,0.9996,8,191.3
[METRICS],FedAvg_Alpha_0.1,10,0.003943,0.9996,0.9996,9,211.9
[METRICS],FedAvg_Alpha_0.1,11,0.003866,0.9996,0.9996,10,232.5
[METRICS],FedAvg_Alpha_0.1,12,0.003806,0.9996,0.9996,11,253.1
[METRICS],FedAvg_Alpha_0.1,13,0.003761,0.9996,0.9996,12,273.7
[METRICS],FedAvg_Alpha_0.1,14,0.003725,0.9996,0.9996,13,294.3
[METRICS],FedAvg_Alpha_0.1,15,0.003697,0.9996,0.9996,14,314.8
[METRICS],FedAvg_Alpha_0.1,16,0.003675,0.9996,0.9996,15,335.6
[METRICS],FedAvg_Alpha_0.1,17,0.003657,0.9996,0.9996,16,356.2
[METRICS],FedAvg_Alpha_0.1,18,0.003642,0.9996,0.9996,17,376.9
[METRICS],FedAvg_Alpha_0.1,19,0.003630,0.9996,0.9996,18,397.6
[METRICS],FedAvg_Alpha_0.1,20,0.003619,0.9996,0.9996,19,418.1
[METRICS],FedAvg_Alpha_0.1,21,0.003611,0.9996,0.9996,20,438.7
[METRICS],FedAvg_Alpha_0.1,22,0.003603,0.9996,0.9996,21,459.3
[METRICS],FedAvg_Alpha_0.1,23,0.003596,0.9996,0.9996,22,479.9
[METRICS],FedAvg_Alpha_0.1,24,0.003590,0.9996,0.9996,23,500.5
[METRICS],FedAvg_Alpha_0.1,25,0.003585,0.9996,0.9996,24,521.1
[METRICS],FedAvg_Alpha_0.1,26,0.003581,0.9996,0.9996,25,541.8
[METRICS],FedAvg_Alpha_0.1,27,0.003576,0.9996,0.9996,26,562.4
[METRICS],FedAvg_Alpha_0.1,28,0.003571,0.9996,0.9996,27,583.1
[METRICS],FedAvg_Alpha_0.1,29,0.003565,0.9996,0.9996,28,603.7
[METRICS],FedAvg_Alpha_0.1,30,0.003561,0.9996,0.9996,29,624.4
[METRICS],FedAvg_Alpha_0.1,31,0.003556,0.9996,0.9996,30,645.0
[METRICS],FedAvg_Alpha_0.5,1,0.658404,0.6972,0.6972,0,50.6
[METRICS],FedAvg_Alpha_0.5,2,0.653387,0.7167,0.7167,0,94.6
[METRICS],FedAvg_Alpha_0.5,3,0.676558,0.7212,0.7212,0,138.6
[METRICS],FedAvg_Alpha_0.5,4,0.758149,0.7222,0.7222,0,182.6
[METRICS],FedAvg_Alpha_0.5,5,0.738600,0.7297,0.7297,0,226.7
[METRICS],FedAvg_Alpha_0.5,6,0.839878,0.7319,0.7319,0,270.7
[METRICS],FedAvg_Alpha_0.5,7,1.053820,0.7175,0.7319,1,314.7
[METRICS],FedAvg_Alpha_0.5,8,0.859339,0.7273,0.7319,2,358.8
[METRICS],FedAvg_Alpha_0.5,9,0.894010,0.7256,0.7319,3,402.8
[METRICS],FedAvg_Alpha_0.5,10,0.866452,0.7310,0.7319,4,446.8
[METRICS],FedAvg_Alpha_0.5,11,0.803300,0.7333,0.7333,0,490.9
[METRICS],FedAvg_Alpha_0.5,12,0.905644,0.7277,0.7333,1,534.8
[METRICS],FedAvg_Alpha_0.5,13,0.724558,0.7400,0.7400,0,578.8
[METRICS],FedAvg_Alpha_0.5,14,0.796416,0.7313,0.7400,1,622.8
[METRICS],FedAvg_Alpha_0.5,15,0.847160,0.7209,0.7400,2,666.9
[METRICS],FedAvg_Alpha_0.5,16,0.837408,0.7244,0.7400,3,710.9
[METRICS],FedAvg_Alpha_0.5,17,0.781696,0.7265,0.7400,4,755.0
[METRICS],FedAvg_Alpha_0.5,18,0.920627,0.7156,0.7400,5,799.1
[METRICS],FedAvg_Alpha_0.5,19,0.785126,0.7265,0.7400,6,843.1
[METRICS],FedAvg_Alpha_0.5,20,0.967490,0.7151,0.7400,7,887.4
[METRICS],FedAvg_Alpha_0.5,21,0.730421,0.7355,0.7400,8,931.4
[METRICS],FedAvg_Alpha_0.5,22,1.001976,0.7105,0.7400,9,975.5
[METRICS],FedAvg_Alpha_0.5,23,0.674192,0.7404,0.7400,10,1019.7
[METRICS],FedAvg_Alpha_0.5,24,1.042222,0.7130,0.7400,11,1063.9
[METRICS],FedAvg_Alpha_0.5,25,0.836971,0.7221,0.7400,12,1108.0
[METRICS],FedAvg_Alpha_0.5,26,1.246969,0.7096,0.7400,13,1152.1
[METRICS],FedAvg_Alpha_0.5,27,0.797299,0.7241,0.7400,14,1196.4
[METRICS],FedAvg_Alpha_0.5,28,0.915519,0.7222,0.7400,15,1240.7
[METRICS],FedAvg_Alpha_0.5,29,0.721308,0.7378,0.7400,16,1285.0
[METRICS],FedAvg_Alpha_0.5,30,0.860092,0.7224,0.7400,17,1329.2
[METRICS],FedAvg_Alpha_0.5,31,0.890126,0.7270,0.7400,18,1373.5
[METRICS],FedAvg_Alpha_0.5,32,0.764068,0.7304,0.7400,19,1417.6
[METRICS],FedAvg_Alpha_0.5,33,0.754683,0.7342,0.7400,20,1461.8
[METRICS],FedAvg_Alpha_0.5,34,1.110725,0.7197,0.7400,21,1506.0
[METRICS],FedAvg_Alpha_0.5,35,0.743710,0.7324,0.7400,22,1550.2
[METRICS],FedAvg_Alpha_0.5,36,0.719692,0.7336,0.7400,23,1594.5
[METRICS],FedAvg_Alpha_0.5,37,0.764364,0.7362,0.7400,24,1638.7
[METRICS],FedAvg_Alpha_0.5,38,0.858244,0.7288,0.7400,25,1682.7
[METRICS],FedAvg_Alpha_0.5,39,0.753484,0.7319,0.7400,26,1726.9
[METRICS],FedAvg_Alpha_0.5,40,0.785484,0.7374,0.7400,27,1771.0
[METRICS],FedAvg_Alpha_0.5,41,0.659199,0.7430,0.7430,0,1815.2
[METRICS],FedAvg_Alpha_0.5,42,0.723171,0.7330,0.7430,1,1859.3
[METRICS],FedAvg_Alpha_0.5,43,0.857919,0.7271,0.7430,2,1903.5
[METRICS],FedAvg_Alpha_0.5,44,0.712265,0.7426,0.7430,3,1947.7
[METRICS],FedAvg_Alpha_0.5,45,0.643255,0.7476,0.7476,0,1991.8
[METRICS],FedAvg_Alpha_0.5,46,1.190860,0.7110,0.7476,1,2035.9
[METRICS],FedAvg_Alpha_0.5,47,0.612557,0.7555,0.7555,0,2080.1
[METRICS],FedAvg_Alpha_0.5,48,1.388469,0.7087,0.7555,1,2124.4
[METRICS],FedAvg_Alpha_0.5,49,0.610783,0.7506,0.7555,2,2168.6
[METRICS],FedAvg_Alpha_0.5,50,1.052959,0.7201,0.7555,3,2212.6
[METRICS],FedAvg_Alpha_0.5,51,0.690675,0.7439,0.7555,4,2256.8
[METRICS],FedAvg_Alpha_0.5,52,0.643695,0.7496,0.7555,5,2301.0
[METRICS],FedAvg_Alpha_0.5,53,1.278402,0.7212,0.7555,6,2345.1
[METRICS],FedAvg_Alpha_0.5,54,0.641662,0.7468,0.7555,7,2389.3
[METRICS],FedAvg_Alpha_0.5,55,1.310895,0.7146,0.7555,8,2433.4
[METRICS],FedAvg_Alpha_0.5,56,0.630146,0.7522,0.7555,9,2477.5
[METRICS],FedAvg_Alpha_0.5,57,0.841640,0.7342,0.7555,10,2521.8
[METRICS],FedAvg_Alpha_0.5,58,0.812283,0.7342,0.7555,11,2565.9
[METRICS],FedAvg_Alpha_0.5,59,0.674144,0.7446,0.7555,12,2610.2
[METRICS],FedAvg_Alpha_0.5,60,0.867050,0.7332,0.7555,13,2654.3
[METRICS],FedAvg_Alpha_0.5,61,0.695674,0.7439,0.7555,14,2698.6
[METRICS],FedAvg_Alpha_0.5,62,1.002835,0.7265,0.7555,15,2742.8
[METRICS],FedAvg_Alpha_0.5,63,0.764681,0.7386,0.7555,16,2787.0
[METRICS],FedAvg_Alpha_0.5,64,0.767203,0.7389,0.7555,17,2831.3
[METRICS],FedAvg_Alpha_0.5,65,0.733995,0.7430,0.7555,18,2875.5
[METRICS],FedAvg_Alpha_0.5,66,1.094969,0.7205,0.7555,19,2919.7
[METRICS],FedAvg_Alpha_0.5,67,0.616590,0.7515,0.7555,20,2963.8
[METRICS],FedAvg_Alpha_0.5,68,0.679621,0.7454,0.7555,21,3008.1
[METRICS],FedAvg_Alpha_0.5,69,0.850701,0.7323,0.7555,22,3052.2
[METRICS],FedAvg_Alpha_0.5,70,0.695173,0.7464,0.7555,23,3096.4
[METRICS],FedAvg_Alpha_0.5,71,0.662768,0.7500,0.7555,24,3140.6
[METRICS],FedAvg_Alpha_0.5,72,1.066123,0.7270,0.7555,25,3184.7
[METRICS],FedAvg_Alpha_0.5,73,0.661894,0.7511,0.7555,26,3228.8
[METRICS],FedAvg_Alpha_0.5,74,1.340209,0.7197,0.7555,27,3273.2
[METRICS],FedAvg_Alpha_0.5,75,0.611451,0.7539,0.7555,28,3317.5
[METRICS],FedAvg_Alpha_0.5,76,0.974912,0.7341,0.7555,29,3361.7
[METRICS],FedAvg_Alpha_0.5,77,1.071731,0.7281,0.7555,30,3405.9
[METRICS],FedAvg_Alpha_1.0,1,0.644741,0.6495,0.6495,0,55.8
[METRICS],FedAvg_Alpha_1.0,2,0.633991,0.6576,0.6576,0,85.1
[METRICS],FedAvg_Alpha_1.0,3,0.631338,0.6536,0.6576,1,114.5
[METRICS],FedAvg_Alpha_1.0,4,0.629408,0.6548,0.6576,2,143.9
[METRICS],FedAvg_Alpha_1.0,5,0.627725,0.6616,0.6616,0,173.2
[METRICS],FedAvg_Alpha_1.0,6,0.625812,0.6640,0.6640,0,202.5
[METRICS],FedAvg_Alpha_1.0,7,0.623863,0.6649,0.6649,0,231.9
[METRICS],FedAvg_Alpha_1.0,8,0.619245,0.6698,0.6698,0,261.2
[METRICS],FedAvg_Alpha_1.0,9,0.617062,0.6699,0.6698,1,290.5
[METRICS],FedAvg_Alpha_1.0,10,0.619126,0.6651,0.6698,2,319.9
[METRICS],FedAvg_Alpha_1.0,11,0.608514,0.6743,0.6743,0,349.2
[METRICS],FedAvg_Alpha_1.0,12,0.589821,0.6832,0.6832,0,378.4
[METRICS],FedAvg_Alpha_1.0,13,0.589987,0.6879,0.6879,0,407.7
[METRICS],FedAvg_Alpha_1.0,14,0.588875,0.6988,0.6988,0,436.9
[METRICS],FedAvg_Alpha_1.0,15,0.580315,0.7018,0.7018,0,466.4
[METRICS],FedAvg_Alpha_1.0,16,0.591756,0.6992,0.7018,1,495.6
[METRICS],FedAvg_Alpha_1.0,17,0.585375,0.7052,0.7052,0,524.9
[METRICS],FedAvg_Alpha_1.0,18,0.581475,0.7054,0.7052,1,554.1
[METRICS],FedAvg_Alpha_1.0,19,0.581989,0.7015,0.7052,2,583.5
[METRICS],FedAvg_Alpha_1.0,20,0.586522,0.7004,0.7052,3,612.8
[METRICS],FedAvg_Alpha_1.0,21,0.582357,0.7024,0.7052,4,642.1
[METRICS],FedAvg_Alpha_1.0,22,0.577315,0.7048,0.7052,5,671.5
[METRICS],FedAvg_Alpha_1.0,23,0.586440,0.7022,0.7052,6,700.9
[METRICS],FedAvg_Alpha_1.0,24,0.588314,0.7023,0.7052,7,730.1
[METRICS],FedAvg_Alpha_1.0,25,0.578714,0.7100,0.7100,0,759.5
[METRICS],FedAvg_Alpha_1.0,26,0.571104,0.7100,0.7100,1,788.8
[METRICS],FedAvg_Alpha_1.0,27,0.572522,0.7091,0.7100,2,818.1
[METRICS],FedAvg_Alpha_1.0,28,0.579937,0.7046,0.7100,3,847.3
[METRICS],FedAvg_Alpha_1.0,29,0.572807,0.7070,0.7100,4,876.6
[METRICS],FedAvg_Alpha_1.0,30,0.568415,0.7132,0.7132,0,905.8
[METRICS],FedAvg_Alpha_1.0,31,0.566657,0.7132,0.7132,1,935.1
[METRICS],FedAvg_Alpha_1.0,32,0.565316,0.7131,0.7132,2,964.5
[METRICS],FedAvg_Alpha_1.0,33,0.573253,0.7082,0.7132,3,993.8
[METRICS],FedAvg_Alpha_1.0,34,0.579110,0.7047,0.7132,4,1023.1
[METRICS],FedAvg_Alpha_1.0,35,0.571819,0.7085,0.7132,5,1052.5
[METRICS],FedAvg_Alpha_1.0,36,0.566917,0.7097,0.7132,6,1081.8
[METRICS],FedAvg_Alpha_1.0,37,0.570812,0.7107,0.7132,7,1111.2
[METRICS],FedAvg_Alpha_1.0,38,0.564705,0.7122,0.7132,8,1140.5
[METRICS],FedAvg_Alpha_1.0,39,0.565155,0.7145,0.7145,0,1169.9
[METRICS],FedAvg_Alpha_1.0,40,0.565128,0.7153,0.7153,0,1199.2
[METRICS],FedAvg_Alpha_1.0,41,0.554543,0.7200,0.7200,0,1228.5
[METRICS],FedAvg_Alpha_1.0,42,0.566179,0.7129,0.7200,1,1257.8
[METRICS],FedAvg_Alpha_1.0,43,0.563631,0.7154,0.7200,2,1287.1
[METRICS],FedAvg_Alpha_1.0,44,0.560100,0.7156,0.7200,3,1316.5
[METRICS],FedAvg_Alpha_1.0,45,0.570777,0.7101,0.7200,4,1345.8
[METRICS],FedAvg_Alpha_1.0,46,0.564856,0.7159,0.7200,5,1375.1
[METRICS],FedAvg_Alpha_1.0,47,0.557842,0.7193,0.7200,6,1404.5
[METRICS],FedAvg_Alpha_1.0,48,0.579983,0.7068,0.7200,7,1433.8
[METRICS],FedAvg_Alpha_1.0,49,0.552619,0.7221,0.7221,0,1463.1
[METRICS],FedAvg_Alpha_1.0,50,0.551090,0.7222,0.7221,1,1492.4
[METRICS],FedAvg_Alpha_1.0,51,0.556219,0.7181,0.7221,2,1521.7
[METRICS],FedAvg_Alpha_1.0,52,0.557329,0.7193,0.7221,3,1551.0
[METRICS],FedAvg_Alpha_1.0,53,0.554957,0.7209,0.7221,4,1580.3
[METRICS],FedAvg_Alpha_1.0,54,0.556721,0.7205,0.7221,5,1609.6
[METRICS],FedAvg_Alpha_1.0,55,0.556568,0.7205,0.7221,6,1638.9
[METRICS],FedAvg_Alpha_1.0,56,0.570865,0.7134,0.7221,7,1668.2
[METRICS],FedAvg_Alpha_1.0,57,0.563196,0.7162,0.7221,8,1697.5
[METRICS],FedAvg_Alpha_1.0,58,0.564105,0.7160,0.7221,9,1726.8
[METRICS],FedAvg_Alpha_1.0,59,0.554066,0.7212,0.7221,10,1756.1
[METRICS],FedAvg_Alpha_1.0,60,0.554299,0.7198,0.7221,11,1785.5
[METRICS],FedAvg_Alpha_1.0,61,0.552049,0.7219,0.7221,12,1814.7
[METRICS],FedAvg_Alpha_1.0,62,0.552773,0.7215,0.7221,13,1844.0
[METRICS],FedAvg_Alpha_1.0,63,0.566356,0.7172,0.7221,14,1873.3
[METRICS],FedAvg_Alpha_1.0,64,0.550905,0.7210,0.7221,15,1902.6
[METRICS],FedAvg_Alpha_1.0,65,0.556783,0.7206,0.7221,16,1931.9
[METRICS],FedAvg_Alpha_1.0,66,0.548089,0.7244,0.7244,0,1961.2
[METRICS],FedAvg_Alpha_1.0,67,0.559454,0.7215,0.7244,1,1990.6
[METRICS],FedAvg_Alpha_1.0,68,0.546649,0.7248,0.7244,2,2020.0
[METRICS],FedAvg_Alpha_1.0,69,0.562398,0.7186,0.7244,3,2049.4
[METRICS],FedAvg_Alpha_1.0,70,0.541954,0.7274,0.7274,0,2078.6
[METRICS],FedAvg_Alpha_1.0,71,0.544640,0.7257,0.7274,1,2107.9
[METRICS],FedAvg_Alpha_1.0,72,0.549797,0.7204,0.7274,2,2137.3
[METRICS],FedAvg_Alpha_1.0,73,0.552149,0.7216,0.7274,3,2166.6
[METRICS],FedAvg_Alpha_1.0,74,0.542235,0.7254,0.7274,4,2195.9
[METRICS],FedAvg_Alpha_1.0,75,0.545251,0.7260,0.7274,5,2225.3
[METRICS],FedAvg_Alpha_1.0,76,0.547535,0.7251,0.7274,6,2254.7
[METRICS],FedAvg_Alpha_1.0,77,0.548774,0.7204,0.7274,7,2284.0
[METRICS],FedAvg_Alpha_1.0,78,0.554736,0.7252,0.7274,8,2313.3
[METRICS],FedAvg_Alpha_1.0,79,0.567593,0.7129,0.7274,9,2342.6
[METRICS],FedAvg_Alpha_1.0,80,0.546808,0.7244,0.7274,10,2372.0
[METRICS],FedAvg_Alpha_1.0,81,0.540810,0.7284,0.7284,0,2401.3
[METRICS],FedAvg_Alpha_1.0,82,0.541448,0.7281,0.7284,1,2430.6
[METRICS],FedAvg_Alpha_1.0,83,0.542292,0.7255,0.7284,2,2459.9
[METRICS],FedAvg_Alpha_1.0,84,0.543271,0.7265,0.7284,3,2489.3
[METRICS],FedAvg_Alpha_1.0,85,0.551005,0.7211,0.7284,4,2518.6
[METRICS],FedAvg_Alpha_1.0,86,0.549478,0.7242,0.7284,5,2547.9
[METRICS],FedAvg_Alpha_1.0,87,0.543003,0.7297,0.7297,0,2577.1
[METRICS],FedAvg_Alpha_1.0,88,0.550874,0.7230,0.7297,1,2606.5
[METRICS],FedAvg_Alpha_1.0,89,0.541970,0.7280,0.7297,2,2635.8
[METRICS],FedAvg_Alpha_1.0,90,0.541680,0.7271,0.7297,3,2665.1
[METRICS],FedAvg_Alpha_1.0,91,0.539330,0.7286,0.7297,4,2694.5
[METRICS],FedAvg_Alpha_1.0,92,0.537462,0.7308,0.7308,0,2723.8
[METRICS],FedAvg_Alpha_1.0,93,0.541102,0.7274,0.7308,1,2753.2
[METRICS],FedAvg_Alpha_1.0,94,0.546227,0.7280,0.7308,2,2782.5
[METRICS],FedAvg_Alpha_1.0,95,0.534350,0.7325,0.7325,0,2811.9
[METRICS],FedAvg_Alpha_1.0,96,0.542956,0.7287,0.7325,1,2841.2
[METRICS],FedAvg_Alpha_1.0,97,0.541702,0.7285,0.7325,2,2870.5
[METRICS],FedAvg_Alpha_1.0,98,0.542664,0.7274,0.7325,3,2899.8
[METRICS],FedAvg_Alpha_1.0,99,0.535397,0.7313,0.7325,4,2929.1
[METRICS],FedAvg_Alpha_1.0,100,0.539332,0.7304,0.7325,5,2958.3
[METRICS],FedAvg_Alpha_1.0,101,0.550437,0.7251,0.7325,6,2987.7
[METRICS],FedAvg_Alpha_1.0,102,0.532713,0.7338,0.7338,0,3017.0
[METRICS],FedAvg_Alpha_1.0,103,0.537413,0.7312,0.7338,1,3046.3
[METRICS],FedAvg_Alpha_1.0,104,0.533917,0.7312,0.7338,2,3075.7
[METRICS],FedAvg_Alpha_1.0,105,0.537426,0.7290,0.7338,3,3105.1
[METRICS],FedAvg_Alpha_1.0,106,0.543564,0.7279,0.7338,4,3134.4
[METRICS],FedAvg_Alpha_1.0,107,0.536479,0.7311,0.7338,5,3163.7
[METRICS],FedAvg_Alpha_1.0,108,0.540978,0.7313,0.7338,6,3193.0
[METRICS],FedAvg_Alpha_1.0,109,0.533457,0.7330,0.7338,7,3222.4
[METRICS],FedAvg_Alpha_1.0,110,0.535612,0.7325,0.7338,8,3251.7
[METRICS],FedAvg_Alpha_1.0,111,0.536333,0.7312,0.7338,9,3281.1
[METRICS],FedAvg_Alpha_1.0,112,0.534411,0.7299,0.7338,10,3310.4
[METRICS],FedAvg_Alpha_1.0,113,0.533028,0.7340,0.7338,11,3339.7
[METRICS],FedAvg_Alpha_1.0,114,0.537673,0.7333,0.7338,12,3369.1
[METRICS],FedAvg_Alpha_1.0,115,0.547522,0.7258,0.7338,13,3398.4
[METRICS],FedAvg_Alpha_1.0,116,0.534641,0.7324,0.7338,14,3427.7
[METRICS],FedAvg_Alpha_1.0,117,0.536924,0.7306,0.7338,15,3457.1
[METRICS],FedAvg_Alpha_1.0,118,0.535913,0.7305,0.7338,16,3486.4
[METRICS],FedAvg_Alpha_1.0,119,0.535831,0.7321,0.7338,17,3515.7
[METRICS],FedAvg_Alpha_1.0,120,0.539144,0.7300,0.7338,18,3545.0
[METRICS],FedAvg_Alpha_1.0,121,0.540195,0.7286,0.7338,19,3574.3
[METRICS],FedAvg_Alpha_1.0,122,0.530978,0.7334,0.7338,20,3603.7
[METRICS],FedAvg_Alpha_1.0,123,0.538320,0.7286,0.7338,21,3633.0
[METRICS],FedAvg_Alpha_1.0,124,0.537163,0.7305,0.7338,22,3662.4
[METRICS],FedAvg_Alpha_1.0,125,0.531575,0.7337,0.7338,23,3691.7
[METRICS],FedAvg_Alpha_1.0,126,0.541628,0.7306,0.7338,24,3721.1
[METRICS],FedAvg_Alpha_1.0,127,0.546797,0.7271,0.7338,25,3750.4
[METRICS],FedAvg_Alpha_1.0,128,0.532844,0.7332,0.7338,26,3779.7
[METRICS],FedAvg_Alpha_1.0,129,0.532020,0.7331,0.7338,27,3809.1
[METRICS],FedAvg_Alpha_1.0,130,0.530745,0.7346,0.7346,0,3838.4
[METRICS],FedAvg_Alpha_1.0,131,0.530980,0.7349,0.7346,1,3867.8
[METRICS],FedAvg_Alpha_1.0,132,0.530681,0.7345,0.7346,2,3897.1
[METRICS],FedAvg_Alpha_1.0,133,0.526244,0.7372,0.7372,0,3926.5
[METRICS],FedAvg_Alpha_1.0,134,0.531565,0.7329,0.7372,1,3955.8
[METRICS],FedAvg_Alpha_1.0,135,0.530267,0.7342,0.7372,2,3985.1
[METRICS],FedAvg_Alpha_1.0,136,0.530616,0.7347,0.7372,3,4014.4
[METRICS],FedAvg_Alpha_1.0,137,0.545404,0.7281,0.7372,4,4043.7
[METRICS],FedAvg_Alpha_1.0,138,0.532733,0.7356,0.7372,5,4073.1
[METRICS],FedAvg_Alpha_1.0,139,0.532470,0.7358,0.7372,6,4102.4
[METRICS],FedAvg_Alpha_1.0,140,0.530075,0.7353,0.7372,7,4131.8
[METRICS],FedAvg_Alpha_1.0,141,0.542933,0.7310,0.7372,8,4161.1
[METRICS],FedAvg_Alpha_1.0,142,0.527136,0.7369,0.7372,9,4190.6
[METRICS],FedAvg_Alpha_1.0,143,0.527983,0.7376,0.7372,10,4219.9
[METRICS],FedAvg_Alpha_1.0,144,0.533757,0.7344,0.7372,11,4249.2
[METRICS],FedAvg_Alpha_1.0,145,0.526380,0.7382,0.7382,0,4278.5
[METRICS],FedAvg_Alpha_1.0,146,0.539071,0.7307,0.7382,1,4307.8
[METRICS],FedAvg_Alpha_1.0,147,0.523992,0.7397,0.7397,0,4337.1
[METRICS],FedAvg_Alpha_1.0,148,0.533467,0.7321,0.7397,1,4366.5
[METRICS],FedAvg_Alpha_1.0,149,0.533165,0.7347,0.7397,2,4395.8
[METRICS],FedAvg_Alpha_1.0,150,0.523725,0.7388,0.7397,3,4425.1
[METRICS],FedAvg_Alpha_1.0,151,0.529153,0.7353,0.7397,4,4454.4
[METRICS],FedAvg_Alpha_1.0,152,0.531391,0.7357,0.7397,5,4483.7
[METRICS],FedAvg_Alpha_1.0,153,0.525545,0.7377,0.7397,6,4513.1
[METRICS],FedAvg_Alpha_1.0,154,0.527120,0.7362,0.7397,7,4542.4
[METRICS],FedAvg_Alpha_1.0,155,0.524594,0.7378,0.7397,8,4571.7
[METRICS],FedAvg_Alpha_1.0,156,0.530774,0.7347,0.7397,9,4601.0
[METRICS],FedAvg_Alpha_1.0,157,0.529838,0.7352,0.7397,10,4630.4
[METRICS],FedAvg_Alpha_1.0,158,0.524393,0.7381,0.7397,11,4659.8
[METRICS],FedAvg_Alpha_1.0,159,0.528050,0.7373,0.7397,12,4689.1
[METRICS],FedAvg_Alpha_1.0,160,0.527419,0.7384,0.7397,13,4718.4
[METRICS],FedAvg_Alpha_1.0,161,0.524875,0.7394,0.7397,14,4747.7
[METRICS],FedAvg_Alpha_1.0,162,0.527980,0.7359,0.7397,15,4777.1
[METRICS],FedAvg_Alpha_1.0,163,0.524803,0.7400,0.7397,16,4806.4
[METRICS],FedAvg_Alpha_1.0,164,0.531983,0.7338,0.7397,17,4835.7
[METRICS],FedAvg_Alpha_1.0,165,0.536808,0.7302,0.7397,18,4865.0
[METRICS],FedAvg_Alpha_1.0,166,0.526922,0.7376,0.7397,19,4894.3
[METRICS],FedAvg_Alpha_1.0,167,0.521532,0.7408,0.7408,0,4923.6
[METRICS],FedAvg_Alpha_1.0,168,0.523685,0.7394,0.7408,1,4953.0
[METRICS],FedAvg_Alpha_1.0,169,0.525360,0.7372,0.7408,2,4982.3
[METRICS],FedAvg_Alpha_1.0,170,0.529246,0.7359,0.7408,3,5011.6
[METRICS],FedAvg_Alpha_1.0,171,0.525027,0.7394,0.7408,4,5041.0
[METRICS],FedAvg_Alpha_1.0,172,0.527402,0.7378,0.7408,5,5070.3
[METRICS],FedAvg_Alpha_1.0,173,0.528219,0.7366,0.7408,6,5099.7
[METRICS],FedAvg_Alpha_1.0,174,0.523608,0.7395,0.7408,7,5129.0
[METRICS],FedAvg_Alpha_1.0,175,0.528330,0.7368,0.7408,8,5158.3
[METRICS],FedAvg_Alpha_1.0,176,0.528268,0.7367,0.7408,9,5187.6
[METRICS],FedAvg_Alpha_1.0,177,0.527279,0.7377,0.7408,10,5216.9
[METRICS],FedAvg_Alpha_1.0,178,0.526658,0.7383,0.7408,11,5246.3
[METRICS],FedAvg_Alpha_1.0,179,0.523670,0.7396,0.7408,12,5275.6
[METRICS],FedAvg_Alpha_1.0,180,0.524365,0.7421,0.7421,0,5304.9
[METRICS],FedAvg_Alpha_1.0,181,0.525839,0.7388,0.7421,1,5334.2
[METRICS],FedAvg_Alpha_1.0,182,0.520050,0.7431,0.7431,0,5363.5
[METRICS],FedAvg_Alpha_1.0,183,0.522038,0.7408,0.7431,1,5392.8
[METRICS],FedAvg_Alpha_1.0,184,0.526174,0.7370,0.7431,2,5422.1
[METRICS],FedAvg_Alpha_1.0,185,0.529300,0.7355,0.7431,3,5451.5
[METRICS],FedAvg_Alpha_1.0,186,0.526053,0.7377,0.7431,4,5480.8
[METRICS],FedAvg_Alpha_1.0,187,0.532456,0.7368,0.7431,5,5510.1
[METRICS],FedAvg_Alpha_1.0,188,0.528597,0.7366,0.7431,6,5539.5
[METRICS],FedAvg_Alpha_1.0,189,0.519155,0.7415,0.7431,7,5568.8
[METRICS],FedAvg_Alpha_1.0,190,0.520980,0.7411,0.7431,8,5598.1
[METRICS],FedAvg_Alpha_1.0,191,0.521581,0.7420,0.7431,9,5627.4
[METRICS],FedAvg_Alpha_1.0,192,0.524116,0.7401,0.7431,10,5656.7
[METRICS],FedAvg_Alpha_1.0,193,0.524556,0.7407,0.7431,11,5686.0
[METRICS],FedAvg_Alpha_1.0,194,0.522028,0.7409,0.7431,12,5715.3
[METRICS],FedAvg_Alpha_1.0,195,0.520392,0.7421,0.7431,13,5744.7
[METRICS],FedAvg_Alpha_1.0,196,0.522872,0.7395,0.7431,14,5774.0
[METRICS],FedAvg_Alpha_1.0,197,0.522206,0.7408,0.7431,15,5803.3
[METRICS],FedAvg_Alpha_1.0,198,0.517585,0.7438,0.7438,0,5832.6
[METRICS],FedAvg_Alpha_1.0,199,0.518044,0.7440,0.7438,1,5862.0
[METRICS],FedAvg_Alpha_1.0,200,0.514638,0.7453,0.7453,0,5891.3
[METRICS],FedAvg_Alpha_1.0,201,0.526732,0.7403,0.7453,1,5920.7
[METRICS],FedAvg_Alpha_1.0,202,0.519727,0.7438,0.7453,2,5950.0
[METRICS],FedAvg_Alpha_1.0,203,0.517085,0.7439,0.7453,3,5979.4
[METRICS],FedAvg_Alpha_1.0,204,0.529503,0.7362,0.7453,4,6008.7
[METRICS],FedAvg_Alpha_1.0,205,0.518130,0.7433,0.7453,5,6038.0
[METRICS],FedAvg_Alpha_1.0,206,0.516640,0.7445,0.7453,6,6067.3
[METRICS],FedAvg_Alpha_1.0,207,0.515697,0.7462,0.7462,0,6096.6
[METRICS],FedAvg_Alpha_1.0,208,0.524216,0.7424,0.7462,1,6126.0
[METRICS],FedAvg_Alpha_1.0,209,0.517056,0.7444,0.7462,2,6155.3
[METRICS],FedAvg_Alpha_1.0,210,0.524387,0.7386,0.7462,3,6184.6
[METRICS],FedAvg_Alpha_1.0,211,0.517863,0.7441,0.7462,4,6213.9
[METRICS],FedAvg_Alpha_1.0,212,0.512894,0.7473,0.7473,0,6243.2
[METRICS],FedAvg_Alpha_1.0,213,0.523341,0.7423,0.7473,1,6272.5
[METRICS],FedAvg_Alpha_1.0,214,0.524296,0.7387,0.7473,2,6301.8
[METRICS],FedAvg_Alpha_1.0,215,0.517641,0.7435,0.7473,3,6331.2
[METRICS],FedAvg_Alpha_1.0,216,0.521532,0.7436,0.7473,4,6360.4
[METRICS],FedAvg_Alpha_1.0,217,0.520806,0.7433,0.7473,5,6389.8
[METRICS],FedAvg_Alpha_1.0,218,0.518760,0.7428,0.7473,6,6419.2
[METRICS],FedAvg_Alpha_1.0,219,0.519534,0.7438,0.7473,7,6448.5
[METRICS],FedAvg_Alpha_1.0,220,0.514744,0.7471,0.7473,8,6477.8
[METRICS],FedAvg_Alpha_1.0,221,0.526026,0.7398,0.7473,9,6507.1
[METRICS],FedAvg_Alpha_1.0,222,0.521824,0.7435,0.7473,10,6536.4
[METRICS],FedAvg_Alpha_1.0,223,0.516193,0.7458,0.7473,11,6565.7
[METRICS],FedAvg_Alpha_1.0,224,0.521631,0.7423,0.7473,12,6595.0
[METRICS],FedAvg_Alpha_1.0,225,0.526371,0.7409,0.7473,13,6624.4
[METRICS],FedAvg_Alpha_1.0,226,0.511905,0.7481,0.7481,0,6653.7
[METRICS],FedAvg_Alpha_1.0,227,0.512393,0.7487,0.7487,0,6683.0
[METRICS],FedAvg_Alpha_1.0,228,0.513811,0.7478,0.7487,1,6712.3
[METRICS],FedAvg_Alpha_1.0,229,0.514868,0.7466,0.7487,2,6741.7
[METRICS],FedAvg_Alpha_1.0,230,0.513960,0.7474,0.7487,3,6771.0
[METRICS],FedAvg_Alpha_1.0,231,0.516039,0.7454,0.7487,4,6800.3
[METRICS],FedAvg_Alpha_1.0,232,0.524942,0.7399,0.7487,5,6829.6
[METRICS],FedAvg_Alpha_1.0,233,0.511600,0.7492,0.7487,6,6858.9
[METRICS],FedAvg_Alpha_1.0,234,0.516394,0.7461,0.7487,7,6888.3
[METRICS],FedAvg_Alpha_1.0,235,0.509402,0.7507,0.7507,0,6917.6
[METRICS],FedAvg_Alpha_1.0,236,0.509486,0.7494,0.7507,1,6946.9
[METRICS],FedAvg_Alpha_1.0,237,0.511151,0.7507,0.7507,2,6976.2
[METRICS],FedAvg_Alpha_1.0,238,0.510416,0.7501,0.7507,3,7005.6
[METRICS],FedAvg_Alpha_1.0,239,0.513445,0.7485,0.7507,4,7035.0
[METRICS],FedAvg_Alpha_1.0,240,0.515994,0.7462,0.7507,5,7064.3
[METRICS],FedAvg_Alpha_1.0,241,0.521193,0.7411,0.7507,6,7093.6
[METRICS],FedAvg_Alpha_1.0,242,0.507076,0.7520,0.7520,0,7122.9
[METRICS],FedAvg_Alpha_1.0,243,0.514128,0.7469,0.7520,1,7152.2
[METRICS],FedAvg_Alpha_1.0,244,0.508207,0.7491,0.7520,2,7181.6
[METRICS],FedAvg_Alpha_1.0,245,0.508323,0.7511,0.7520,3,7210.9
[METRICS],FedAvg_Alpha_1.0,246,0.509275,0.7514,0.7520,4,7240.3
[METRICS],FedAvg_Alpha_1.0,247,0.525081,0.7370,0.7520,5,7269.6
[METRICS],FedAvg_Alpha_1.0,248,0.519523,0.7432,0.7520,6,7298.9
[METRICS],FedAvg_Alpha_1.0,249,0.521806,0.7426,0.7520,7,7328.2
[METRICS],FedAvg_Alpha_1.0,250,0.509470,0.7505,0.7520,8,7357.6
[METRICS],FedAvg_Alpha_1.0,251,0.507771,0.7516,0.7520,9,7386.9
[METRICS],FedAvg_Alpha_1.0,252,0.513280,0.7489,0.7520,10,7416.2
[METRICS],FedAvg_Alpha_1.0,253,0.512876,0.7485,0.7520,11,7445.6
[METRICS],FedAvg_Alpha_1.0,254,0.515588,0.7446,0.7520,12,7475.0
[METRICS],FedAvg_Alpha_1.0,255,0.506809,0.7532,0.7532,0,7504.3
[METRICS],FedAvg_Alpha_1.0,256,0.517028,0.7476,0.7532,1,7533.7
[METRICS],FedAvg_Alpha_1.0,257,0.507791,0.7513,0.7532,2,7563.1
[METRICS],FedAvg_Alpha_1.0,258,0.517144,0.7448,0.7532,3,7592.5
[METRICS],FedAvg_Alpha_1.0,259,0.505208,0.7536,0.7532,4,7621.8
[METRICS],FedAvg_Alpha_1.0,260,0.521679,0.7431,0.7532,5,7651.1
[METRICS],FedAvg_Alpha_1.0,261,0.503740,0.7553,0.7553,0,7680.4
[METRICS],FedAvg_Alpha_1.0,262,0.501166,0.7571,0.7571,0,7709.8
[METRICS],FedAvg_Alpha_1.0,263,0.510612,0.7510,0.7571,1,7739.2
[METRICS],FedAvg_Alpha_1.0,264,0.505461,0.7529,0.7571,2,7768.6
[METRICS],FedAvg_Alpha_1.0,265,0.512118,0.7495,0.7571,3,7797.9
[METRICS],FedAvg_Alpha_1.0,266,0.504340,0.7539,0.7571,4,7827.1
[METRICS],FedAvg_Alpha_1.0,267,0.512233,0.7480,0.7571,5,7856.5
[METRICS],FedAvg_Alpha_1.0,268,0.504140,0.7546,0.7571,6,7885.8
[METRICS],FedAvg_Alpha_1.0,269,0.510577,0.7490,0.7571,7,7915.1
[METRICS],FedAvg_Alpha_1.0,270,0.503654,0.7542,0.7571,8,7944.4
[METRICS],FedAvg_Alpha_1.0,271,0.513763,0.7513,0.7571,9,7973.6
[METRICS],FedAvg_Alpha_1.0,272,0.513192,0.7491,0.7571,10,8003.0
[METRICS],FedAvg_Alpha_1.0,273,0.506329,0.7521,0.7571,11,8032.3
[METRICS],FedAvg_Alpha_1.0,274,0.501236,0.7563,0.7571,12,8061.7
[METRICS],FedAvg_Alpha_1.0,275,0.509287,0.7508,0.7571,13,8091.0
[METRICS],FedAvg_Alpha_1.0,276,0.498678,0.7576,0.7576,0,8120.3
[METRICS],FedAvg_Alpha_1.0,277,0.511559,0.7510,0.7576,1,8149.6
[METRICS],FedAvg_Alpha_1.0,278,0.512662,0.7479,0.7576,2,8178.9
[METRICS],FedAvg_Alpha_1.0,279,0.507715,0.7503,0.7576,3,8208.2
[METRICS],FedAvg_Alpha_1.0,280,0.500150,0.7571,0.7576,4,8237.5
[METRICS],FedAvg_Alpha_1.0,281,0.501932,0.7558,0.7576,5,8266.8
[METRICS],FedAvg_Alpha_1.0,282,0.505681,0.7545,0.7576,6,8296.2
[METRICS],FedAvg_Alpha_1.0,283,0.498937,0.7580,0.7576,7,8325.6
[METRICS],FedAvg_Alpha_1.0,284,0.501824,0.7559,0.7576,8,8354.9
[METRICS],FedAvg_Alpha_1.0,285,0.504051,0.7550,0.7576,9,8384.2
[METRICS],FedAvg_Alpha_1.0,286,0.504053,0.7531,0.7576,10,8413.5
[METRICS],FedAvg_Alpha_1.0,287,0.501585,0.7564,0.7576,11,8442.9
[METRICS],FedAvg_Alpha_1.0,288,0.511787,0.7493,0.7576,12,8472.2
[METRICS],FedAvg_Alpha_1.0,289,0.509080,0.7509,0.7576,13,8501.5
[METRICS],FedAvg_Alpha_1.0,290,0.497312,0.7589,0.7589,0,8530.8
[METRICS],FedAvg_Alpha_1.0,291,0.504281,0.7537,0.7589,1,8560.1
[METRICS],FedAvg_Alpha_1.0,292,0.504029,0.7545,0.7589,2,8589.4
[METRICS],FedAvg_Alpha_1.0,293,0.498638,0.7581,0.7589,3,8618.8
[METRICS],FedAvg_Alpha_1.0,294,0.505405,0.7533,0.7589,4,8648.0
[METRICS],FedAvg_Alpha_1.0,295,0.499133,0.7580,0.7589,5,8677.4
[METRICS],FedAvg_Alpha_1.0,296,0.494495,0.7604,0.7604,0,8706.7
[METRICS],FedAvg_Alpha_1.0,297,0.505175,0.7556,0.7604,1,8736.1
[METRICS],FedAvg_Alpha_1.0,298,0.494483,0.7610,0.7610,0,8765.5
[METRICS],FedAvg_Alpha_1.0,299,0.517075,0.7487,0.7610,1,8794.8
[METRICS],FedAvg_Alpha_1.0,300,0.505997,0.7549,0.7610,2,8824.0
[METRICS],FedAvg_Alpha_10.0,1,0.359644,0.8871,0.8871,0,36.3
[METRICS],FedAvg_Alpha_10.0,2,0.354227,0.8871,0.8871,1,71.4
[METRICS],FedAvg_Alpha_10.0,3,0.352491,0.8871,0.8871,2,109.9
[METRICS],FedAvg_Alpha_10.0,4,0.350993,0.8871,0.8871,3,145.6
[METRICS],FedAvg_Alpha_10.0,5,0.360640,0.8871,0.8871,4,181.2
[METRICS],FedAvg_Alpha_10.0,6,0.351292,0.8873,0.8871,5,217.2
[METRICS],FedAvg_Alpha_10.0,7,0.367367,0.8872,0.8871,6,252.2
[METRICS],FedAvg_Alpha_10.0,8,0.340106,0.8878,0.8878,0,286.4
[METRICS],FedAvg_Alpha_10.0,9,0.354793,0.8877,0.8878,1,322.0
[METRICS],FedAvg_Alpha_10.0,10,0.340684,0.8882,0.8878,2,358.1
[METRICS],FedAvg_Alpha_10.0,11,0.358579,0.8879,0.8878,3,391.6
[METRICS],FedAvg_Alpha_10.0,12,0.368802,0.8882,0.8878,4,428.0
[METRICS],FedAvg_Alpha_10.0,13,0.362108,0.8888,0.8888,0,465.8
[METRICS],FedAvg_Alpha_10.0,14,0.365386,0.8891,0.8888,1,500.0
[METRICS],FedAvg_Alpha_10.0,15,0.378013,0.8886,0.8888,2,535.4
[METRICS],FedAvg_Alpha_10.0,16,0.357437,0.8887,0.8888,3,571.6
[METRICS],FedAvg_Alpha_10.0,17,0.370256,0.8886,0.8888,4,607.1
[METRICS],FedAvg_Alpha_10.0,18,0.383207,0.8886,0.8888,5,642.2
[METRICS],FedAvg_Alpha_10.0,19,0.356864,0.8889,0.8888,6,677.8
[METRICS],FedAvg_Alpha_10.0,20,0.382829,0.8887,0.8888,7,713.1
[METRICS],FedAvg_Alpha_10.0,21,0.384572,0.8895,0.8895,0,748.8
[METRICS],FedAvg_Alpha_10.0,22,0.374626,0.8890,0.8895,1,784.7
[METRICS],FedAvg_Alpha_10.0,23,0.366219,0.8893,0.8895,2,818.9
[METRICS],FedAvg_Alpha_10.0,24,0.385628,0.8890,0.8895,3,854.3
[METRICS],FedAvg_Alpha_10.0,25,0.369313,0.8893,0.8895,4,890.9
[METRICS],FedAvg_Alpha_10.0,26,0.372393,0.8894,0.8895,5,926.7
[METRICS],FedAvg_Alpha_10.0,27,0.379234,0.8895,0.8895,6,963.1
[METRICS],FedAvg_Alpha_10.0,28,0.373533,0.8896,0.8895,7,999.1
[METRICS],FedAvg_Alpha_10.0,29,0.378369,0.8895,0.8895,8,1033.6
[METRICS],FedAvg_Alpha_10.0,30,0.383386,0.8889,0.8895,9,1069.5
[METRICS],FedAvg_Alpha_10.0,31,0.424492,0.8893,0.8895,10,1104.8
[METRICS],FedAvg_Alpha_10.0,32,0.389845,0.8893,0.8895,11,1140.0
[METRICS],FedAvg_Alpha_10.0,33,0.399619,0.8892,0.8895,12,1176.9
[METRICS],FedAvg_Alpha_10.0,34,0.375544,0.8899,0.8895,13,1213.4
[METRICS],FedAvg_Alpha_10.0,35,0.418658,0.8895,0.8895,14,1248.7
[METRICS],FedAvg_Alpha_10.0,36,0.389326,0.8897,0.8895,15,1284.8
[METRICS],FedAvg_Alpha_10.0,37,0.401735,0.8896,0.8895,16,1319.7
[METRICS],FedAvg_Alpha_10.0,38,0.371003,0.8899,0.8895,17,1353.9
[METRICS],FedAvg_Alpha_10.0,39,0.382135,0.8896,0.8895,18,1393.1
[METRICS],FedAvg_Alpha_10.0,40,0.363002,0.8898,0.8895,19,1426.9
[METRICS],FedAvg_Alpha_10.0,41,0.381516,0.8895,0.8895,20,1460.7
[METRICS],FedAvg_Alpha_10.0,42,0.354081,0.8904,0.8904,0,1496.2
[METRICS],FedAvg_Alpha_10.0,43,0.352237,0.8902,0.8904,1,1530.3
[METRICS],FedAvg_Alpha_10.0,44,0.374345,0.8899,0.8904,2,1566.6
[METRICS],FedAvg_Alpha_10.0,45,0.387156,0.8895,0.8904,3,1602.0
[METRICS],FedAvg_Alpha_10.0,46,0.363738,0.8898,0.8904,4,1638.5
[METRICS],FedAvg_Alpha_10.0,47,0.376442,0.8898,0.8904,5,1674.3
[METRICS],FedAvg_Alpha_10.0,48,0.351131,0.8900,0.8904,6,1706.5
[METRICS],FedAvg_Alpha_10.0,49,0.363860,0.8900,0.8904,7,1743.2
[METRICS],FedAvg_Alpha_10.0,50,0.385426,0.8898,0.8904,8,1777.8
[METRICS],FedAvg_Alpha_10.0,51,0.346757,0.8901,0.8904,9,1813.2
[METRICS],FedAvg_Alpha_10.0,52,0.392003,0.8896,0.8904,10,1844.0
[METRICS],FedAvg_Alpha_10.0,53,0.360522,0.8901,0.8904,11,1877.3
[METRICS],FedAvg_Alpha_10.0,54,0.348882,0.8905,0.8904,12,1910.8
[METRICS],FedAvg_Alpha_10.0,55,0.365985,0.8904,0.8904,13,1947.1
[METRICS],FedAvg_Alpha_10.0,56,0.371273,0.8900,0.8904,14,1978.9
[METRICS],FedAvg_Alpha_10.0,57,0.364326,0.8901,0.8904,15,2010.4
[METRICS],FedAvg_Alpha_10.0,58,0.387058,0.8900,0.8904,16,2047.7
[METRICS],FedAvg_Alpha_10.0,59,0.341664,0.8906,0.8904,17,2078.9
[METRICS],FedAvg_Alpha_10.0,60,0.383026,0.8903,0.8904,18,2110.4
[METRICS],FedAvg_Alpha_10.0,61,0.349295,0.8904,0.8904,19,2143.2
[METRICS],FedAvg_Alpha_10.0,62,0.366161,0.8904,0.8904,20,2175.5
[METRICS],FedAvg_Alpha_10.0,63,0.338337,0.8903,0.8904,21,2207.3
[METRICS],FedAvg_Alpha_10.0,64,0.390268,0.8900,0.8904,22,2238.8
[METRICS],FedAvg_Alpha_10.0,65,0.336861,0.8909,0.8909,0,2270.4
[METRICS],FedAvg_Alpha_10.0,66,0.393162,0.8899,0.8909,1,2306.3
[METRICS],FedAvg_Alpha_10.0,67,0.319238,0.8911,0.8909,2,2342.1
[METRICS],FedAvg_Alpha_10.0,68,0.457860,0.8898,0.8909,3,2375.1
[METRICS],FedAvg_Alpha_10.0,69,0.337991,0.8908,0.8909,4,2405.9
[METRICS],FedAvg_Alpha_10.0,70,0.381015,0.8905,0.8909,5,2436.8
[METRICS],FedAvg_Alpha_10.0,71,0.338701,0.8910,0.8909,6,2469.0
[METRICS],FedAvg_Alpha_10.0,72,0.404673,0.8902,0.8909,7,2503.1
[METRICS],FedAvg_Alpha_10.0,73,0.343336,0.8906,0.8909,8,2539.0
[METRICS],FedAvg_Alpha_10.0,74,0.372350,0.8906,0.8909,9,2575.4
[METRICS],FedAvg_Alpha_10.0,75,0.329193,0.8906,0.8909,10,2607.2
[METRICS],FedAvg_Alpha_10.0,76,0.441838,0.8902,0.8909,11,2639.2
[METRICS],FedAvg_Alpha_10.0,77,0.324492,0.8914,0.8909,12,2671.4
[METRICS],FedAvg_Alpha_10.0,78,0.370934,0.8909,0.8909,13,2707.4
[METRICS],FedAvg_Alpha_10.0,79,0.384500,0.8904,0.8909,14,2739.5
[METRICS],FedAvg_Alpha_10.0,80,0.349958,0.8906,0.8909,15,2771.2
[METRICS],FedAvg_Alpha_10.0,81,0.402988,0.8903,0.8909,16,2803.3
[METRICS],FedAvg_Alpha_10.0,82,0.333159,0.8911,0.8909,17,2835.6
[METRICS],FedAvg_Alpha_10.0,83,0.385334,0.8910,0.8909,18,2867.6
[METRICS],FedAvg_Alpha_10.0,84,0.346117,0.8911,0.8909,19,2899.7
[METRICS],FedAvg_Alpha_10.0,85,0.364931,0.8907,0.8909,20,2931.8
[METRICS],FedAvg_Alpha_10.0,86,0.337102,0.8911,0.8909,21,2967.1
[METRICS],FedAvg_Alpha_10.0,87,0.364175,0.8907,0.8909,22,3002.6
[METRICS],FedAvg_Alpha_10.0,88,0.347216,0.8905,0.8909,23,3039.1
[METRICS],FedAvg_Alpha_10.0,89,0.341798,0.8904,0.8909,24,3071.7
[METRICS],FedAvg_Alpha_10.0,90,0.387477,0.8908,0.8909,25,3107.3
[METRICS],FedAvg_Alpha_10.0,91,0.328708,0.8913,0.8909,26,3139.1
[METRICS],FedAvg_Alpha_10.0,92,0.401790,0.8906,0.8909,27,3175.0
[METRICS],FedAvg_Alpha_10.0,93,0.330236,0.8913,0.8909,28,3208.0
[METRICS],FedAvg_Alpha_10.0,94,0.452359,0.8900,0.8909,29,3244.6
[METRICS],FedAvg_Alpha_10.0,95,0.326148,0.8909,0.8909,30,3281.7
